ID,Choice Modeling Hands-On: Introduction to Conjoint Analysis and MaxDiff,Survey Masterclass: Intensive Review of Best Practices for Online Surveys,"Log Sequence Analysis: Tools to Visualize, Model, and Understand Instrument Logs",Psychometrics for Survey Scales: Reliability and Validity Assessment for Practitioners,R-Intensive: In-Person R Programming Bootcamp for Social Scientists in Industry,The Price is Right: Best Practices in Pricing Research,HEART UX Metrics Deep Dive: From Best Practices to Leading HEART Workshops with Your Team,Introduction to Bayesian Statistics: Linear and Hierarchical Linear Bayesian Models in R,Text Analytics 0 to 60: Sentiment Analysis and Topic Modeling with Natural Language Texts,"Yes, It is Causation, and not Correlation: Models for Causal Inference in R",Interviewer Training: Improving Your Team's Quant UX Interview Process,Advanced Choice Modeling Surveys: Advanced Options Beyond Standard Conjoint and MaxDiff,"Segmentation: Running a Successful Segmentation Effort, from the Models through Team Politics",UX Metrics Sprintmaster Training: How to Lead UX Metrics Sprints
1,0.567509287793416,-1.37059598364193,2.69122429509928,3.35274114873185,-5.08644433799522,-0.604745202046378,-2.17607660101171,3.92822641292052,-1.91295742648723,2.03551244020773,-2.44476854232623,2.16357643886892,1.80494008800377,-0.954244811169368
2,2.2280639195074,3.10722639343645,-2.76960162830725,-0.383922227406385,0.120328089125857,2.34990336485029,4.14053103972644,-2.01397495939868,2.19626169695073,-0.541529827900301,-3.76724344695902,0.433622149067305,3.81890952538662,2.15620165184548
3,2.52202615831584,4.22872749350907,3.50250332513488,1.63144317658037,-0.472694880969943,-2.72932149646947,3.64714763075363,0.784012530701797,5.5026722815197,1.37623862366567,-0.314398649775298,2.2990217100032,4.71089112789589,3.10610237491949
4,4.11525958489804,5.00694300127688,6.99647731090371,5.72427107540596,5.67889434670517,0.382848134466191,0.173479296331058,3.3847496180119,1.03209455121764,3.57010394575231,0.271728617367227,3.83553605739943,3.34615235955306,0.66656902151747
5,-0.876433495419033,3.17676155322146,-3.30725554453549,-1.98557565346158,-4.45479794025953,1.64854895635726,5.17186446065081,-3.92716721952692,0.523079481415762,-3.13732843071768,-0.225337179816062,-1.32102734773667,2.71786215959647,4.49183875534313
6,7.15346511734083,-0.256801893995824,1.62801735623262,3.9759958150687,1.70825104483179,3.80896546140697,-2.93079144319379,4.80439406973099,3.3137809472375,4.18998493250907,-2.24802858529592,6.74204108551463,3.36369416360963,-0.452132019783708
7,-0.468308412356378,1.92011221997984,-0.589998107550749,2.34754707127756,-1.88897241187969,-2.69417316355044,1.68362851610223,1.51418312041667,0.672740341749777,2.34310996417219,-2.6052036767755,0.37978073833206,4.35579257045051,0.0333624506197927
8,3.39904837858745,3.97143848531729,0.19677740837143,2.35539599463265,0.389815056772009,3.6033142555076,1.28374208535435,0.0545303781786371,2.47034624624881,0.229640393102775,0.137865074030127,2.95569003083087,6.05690296272538,3.60522885153417
9,3.39191862942176,5.75794215203346,1.70271039702966,4.31408614736148,1.44633184460896,3.86382040448543,3.96258932435642,-1.32870451711948,-2.20333641537263,1.52281316193892,2.30196399588726,1.81473467931414,-0.610711326838589,2.90431399999431
10,2.70805270702221,0.904098195980489,5.50523062609122,1.34665590313016,-0.89932469189611,-1.44588818400027,-0.333233672883295,4.24676921717944,-2.65934077535223,3.0839810449017,-2.64270998238212,3.8653227149296,1.5385062496175,1.71470632562266
11,7.00209910874711,1.56554562622002,3.82458923139692,3.40913426052158,1.09029605516939,0.427544960955419,3.34371044701141,0.411268425760583,3.44666429406043,1.01772784391429,-0.380482312402526,4.56222506866968,4.40114789474784,6.64527255918626
12,-0.39170674351486,0.705946968026087,0.197415860729386,3.4467859048946,-2.52538969770432,1.90523207555711,-0.660253071660023,2.53381400628478,-1.51659073655195,2.31295127721082,-3.94679518187784,0.508615771622847,1.15029773226973,-1.88250613719302
13,3.66120090783869,4.78614525670622,-0.858548388211956,1.68155454727697,3.91140551066244,1.57730077599604,3.67211731766397,-2.90494587272429,2.92304228406098,-0.949303495583739,0.327836053570566,1.45928289899689,4.90641652530833,5.60411182900156
14,3.40291747963725,6.94302011043315,4.48408044174594,4.66604215910535,4.82303688703087,-0.217817116494125,5.09313858657698,0.896131220507701,2.65281294374223,4.19011768232491,-2.25241731126599,2.74580091290688,3.77457164834597,3.23557423583104
15,4.76046129786215,7.22067380456494,1.35391549889407,3.06869015047447,2.75410279320794,-3.03563863707088,4.68114593164741,1.6726824412167,2.48210192991986,0.139785836194223,2.24078197345718,2.53227661406858,0.874587846858686,5.93965239084742
16,3.28935302944706,2.8733876444599,3.3937150535594,4.65874526211283,6.14715796162745,-3.39941535016254,5.42536474852049,2.38085025316486,2.58856042627897,3.98531006428881,-1.29016739156974,1.776903086719,0.79402674996546,7.02950221781576
17,3.69804956883729,0.527086689402452,4.10660516929423,4.13958943837221,-2.49737424803475,-1.72590486257211,1.35455099431352,3.6962907413928,3.49543122584019,3.72995143534345,-0.578905504282295,3.08621311655636,2.64092026476905,2.09684061451102
18,4.28634242941328,2.29777077959591,3.34993579122668,0.583295804556222,-3.80406850156078,6.60714546366945,2.14422400756549,-1.13914324896042,2.61372358928514,0.970696761235342,-2.47401403433669,3.84165478856901,6.62749528841306,2.3921049046646
19,2.22968143401283,3.96648549122722,-4.52025574141837,-0.945452118274433,0.444755135913006,-2.87066478788082,-0.427019909810008,-0.52535905950754,1.65477955009958,0.104954660329786,-2.57214895309791,0.52500691285993,0.666252702571651,0.388769270803117
20,1.67932096493325,-1.51847496743659,0.612449661424393,3.32361828553802,0.427492448329943,-0.223572311691607,0.723821321393998,4.26647718464513,2.23033347970543,3.75117812137132,1.00136158162832,2.40766886464016,4.92287696031771,-0.635744996735933
21,3.98654119348026,-0.248430478700293,5.91197547535861,4.75065355047055,7.97947866070009,-0.483708360024508,-0.0434416869600954,3.9973456262483,2.77062405778184,4.0784235622113,-3.14801176294246,3.31163159501353,0.460929287517295,1.52560823456235
22,5.34302180069763,6.08642257682907,5.19115898650479,4.86397836654698,8.95127391206646,2.2004224931894,4.84159979636038,3.31153705713127,2.27174359816486,4.20084207963593,-0.416905953335921,2.14477427230118,4.0590187095557,5.43537521624021
23,3.38646924321135,-0.0797160464470473,-1.89578613825592,0.443160935873851,2.23331301484983,-3.61125985779652,-2.30556556668699,0.82900700421642,0.370202719080511,1.1947064655653,1.20490542110747,2.35875329477248,0.0867023424058053,-0.116032702715732
24,2.24029596726391,1.37009142099168,2.62537341578417,2.35452759964902,1.38761246838206,-1.38856368933487,5.44936468658917,-2.65896241924982,2.87193045375288,1.20037625403779,-0.0880824020922042,0.762817217827854,5.27265712799133,6.87492963203837
25,4.2506561969001,1.64609250548415,3.91881309212755,3.72757775454851,1.30493846823303,-3.35524257042589,1.12429921637381,-0.364498624930412,6.33447110295873,-0.671210805826135,1.60035238906072,2.64081945723549,2.8115304533945,-0.0465159699382265
26,2.62295933250608,-1.84342791867665,3.93488368763138,3.42679681723138,2.74376390071745,-1.82017190982395,1.48691948277149,1.14942412605931,0.461801349016231,0.631216665439286,-1.82339577881434,1.26183618657013,2.76414836896901,0.596489484221956
27,3.77148023491001,1.11599333062872,7.26377036941034,6.37195808998531,1.15729736873864,5.00207954837846,4.5616410271308,1.83299584512761,3.34609699332494,3.54738137886866,-0.259913263410912,4.14861173145365,4.13023161142498,3.56556292589299
28,4.1162661151343,-1.34875917222373,3.68494231944413,5.82168278381199,7.17585443476192,6.36850757490961,3.05631298607906,2.65592104925888,1.17641598614954,4.39970815041605,-0.449799167461225,3.57386029197582,3.53695085944139,2.69730832446472
29,4.15969386785786,6.25375201860446,2.44374176957429,1.99860423141144,7.2765041165516,1.5494426737679,0.327350812471783,4.05701629883462,4.31398959745027,4.59986023060687,-3.04939315439941,3.53742205288575,4.24309353300504,0.985634548121482
30,5.80291767017899,2.35786474624574,2.94308215890544,4.20879571667295,3.5070463484634,5.7861384119019,-0.301433904830277,3.75525698828802,1.46487268489511,6.16340902958122,-2.33083551289292,5.67568358374079,3.57883054341212,-2.28701061917998
31,0.518027732395692,-1.15930424756285,0.451966378350757,3.57442256045967,1.53008384215126,3.52567977297083,1.60072699296192,0.898045156579856,-1.62742710406878,4.59595809089237,1.2165672106441,1.53267892816279,4.25909599435663,1.82303210041858
32,-0.077482336858256,1.76088598464119,-0.894221901567167,2.6452295158944,4.44269017788367,-3.73759340121852,0.996924119748981,-0.418874974602233,1.27128597565754,-0.180915675023464,3.93199466081014,0.282550804172666,-0.488117671731881,1.21238585219014
33,7.28057876559748,6.68054422139079,3.64384946861979,5.33831439122214,3.97674740051197,5.35877252356254,0.975012073569561,3.50714372209286,1.14024388686573,4.07303379311928,-0.977006235800362,4.89310705649805,4.21967245244996,2.93698314482249
34,2.97290255398991,1.77994720319968,4.81287786081121,2.06459335602395,-1.47099989580124,-3.18505825924811,2.89988455282009,1.90615675611249,5.71908873431046,1.34931508588254,-2.0980511463513,3.93463943319053,4.90440384618699,2.00657368743199
35,-0.881189183121911,1.9052343329692,-3.66276573967341,-0.862962358625648,-6.68886137845744,1.27070387793386,0.585092768292404,-3.1407876390033,1.01692036998876,-2.17510199854327,-2.92800447573455,-0.474974886125366,-0.0445205233928132,1.43438757105866
36,3.25355466090461,3.11102177683416,0.0482880351918506,4.14451887105562,4.48933918114476,-2.32974292394789,-0.81006371218702,4.79195727713744,0.381422187711169,3.85301068607045,-3.73109229957156,2.06766617667417,2.17592348598498,-0.683325744012441
37,-0.304879675529594,3.43081787789732,1.41816456127314,4.88029397188864,-4.91785481502149,-2.08483690650383,3.80907414227707,-2.25127301721546,2.2474288077858,0.620796711640501,1.74872938723247,-0.950779607930361,3.30617724372404,3.43365859583146
38,0.534854697345101,0.873487080725302,1.41313400934286,2.95719973921142,-2.1860582200502,-4.79218891161853,-0.0785892398446139,1.03084315007176,4.01815223510184,-0.249899049788858,0.0322782079243059,1.64632125672186,0.740187375223288,2.1050658622698
39,3.91822161555546,5.89125683371884,0.168685686919123,3.03618284688953,2.88604167985088,2.75578570477734,1.39407602039245,2.31245867631021,5.83009644585923,2.96448784159701,-0.533849895226149,3.14707702856059,6.58763378869024,0.822962071419734
40,4.51355917729582,1.12434481325794,-1.56916764743034,1.86003303776045,0.367835306996181,6.31856468540911,0.109930839946804,-2.8840025121445,2.98615005315839,0.702296115985834,-3.07153621638349,2.9703525083374,4.72758322626585,1.08797863452005
41,4.94641242804944,-1.14616740303601,2.24564283214055,3.3296112123928,7.42356861338604,2.08983405765797,2.67854809391737,1.56789323702526,5.43026724762214,2.60866347820434,1.98853616674432,1.57640759201161,0.709994270224009,3.38186298161319
42,0.475343938266686,2.81521608768572,-1.26676132968979,1.41691378032551,-2.70628251742891,-5.23331981943371,3.13507087300967,-3.34709440586746,-1.43499943441728,-1.01131070512026,-1.10533876722105,-1.06443252188208,-1.43976888653976,5.01585628098251
43,1.02917841589928,-0.200611989993295,2.57060260702282,-1.71932708592181,-3.66225215624911,2.35127327778908,-0.657073919525076,-1.77438986250775,3.79177900718599,-3.880766934835,-1.99172899693581,2.19929987658699,1.54875040824996,-0.84937746485708
44,2.24858776487222,3.36304774730305,4.8355569419726,1.10042139748366,-0.469831363090082,-3.27541331137298,1.02536230414737,1.65401789931303,5.36704766698555,1.55650996843378,-2.91669669452687,2.19906188281726,4.52853971552786,2.41337997484154
45,4.63999599382782,3.88394426743111,-0.19120966534717,2.31621058612693,1.09147365322636,4.30030136407286,0.084853769088709,0.417198459396611,4.87616468645933,-0.0254954608955465,1.13486944730527,2.88159448289346,5.44673457602244,0.1679274441924
46,3.4088303149375,1.71949462021563,1.23395890439769,3.64677944801108,2.55721422320387,3.55606007101432,-1.51518831334998,2.48350472840413,3.55315164840432,2.59609550935987,1.22307991405178,5.12822354512834,2.53992264349869,-2.30884829555171
47,2.12278429646123,3.75859023692053,0.919620858218779,-0.541998105883661,-4.91337054641956,6.26583593597169,3.41799525511038,-2.7008970688261,1.21434089109751,-0.85349623905439,0.271493996457171,3.92870287092394,2.90793851046123,2.24256118135543
48,1.15891309202502,-0.414484498550726,5.6961233511577,2.50381759212001,-4.08836146042511,-2.54403043707062,-1.55395378990446,4.02124247712767,2.59829415593001,2.06470896091399,-1.15607645908838,3.82328144422642,2.366021651799,-2.24161743489293
49,-0.645852138488089,1.74884346198668,-1.72220179524314,5.04492303468467,3.3942868415702,-2.15399185968036,1.85898579994272,-1.23301196841015,-1.2758900703762,3.09876089061826,0.810311665917861,-0.428203571170778,-0.0761522875846903,1.47827232064688
50,3.88128490140602,2.51232021522129,-0.43567794877008,3.73585687616859,-2.90827397485302,1.50899561829468,-2.23573312893876,-1.70343776504479,-0.178933905167599,-1.77008910508652,0.395754123417612,1.5634072482154,1.11396191654821,-1.10233160943019
51,3.14581994348881,1.2591136421915,5.6177749805479,0.632863390755141,2.42558396098064,3.43184686946165,0.293767949960263,3.70233849623402,-1.52852050996474,1.47458327659194,-3.44899873915454,4.36759406150849,1.85612967563467,-0.669159044159935
52,2.13531123914748,5.26116963977427,1.44381847189456,2.08716441497929,-1.04455121194587,-4.74289959765378,3.58303538061346,-1.66228944531394,2.57889772655644,-1.55811217475994,-0.40379471900836,-0.551039669234052,4.432477968797,6.37732424888499
53,1.7283375541326,4.20028994570375,2.15163475485069,3.27785203927717,-0.137624333403449,-0.726600534452382,1.71855330034266,2.77437175005769,2.87362506771726,1.84968448478075,4.52770558581317,0.0294147068876224,2.18993372825221,5.39679315915743
54,1.60413361001802,3.41683030783168,1.37422017081057,1.61275275467642,-4.51193919126278,-1.06009063824214,-0.997597987418847,0.2846956852334,-0.605164917836361,2.14124680020194,-2.32997932119619,3.97595255994937,3.15466179207698,0.969673605560679
55,5.82828965832468,2.487618735662,5.35084625779526,4.39132785705621,4.11838969179552,3.12694361700611,0.933348263752078,3.5565984910186,3.47829742766934,6.88217356735301,-2.92822068990374,6.34825858702797,6.08813643631689,1.33437775765745
56,-1.39259163370243,1.55338335355231,5.21784453947708,1.54490623848298,-5.10521768700961,-0.924366087323749,3.43331229902509,-1.26357079043361,2.73850912413928,-2.25015288660133,2.19191704693715,-1.09648666965255,1.27440951416686,3.60880469516016
57,3.54060155943056,3.33308673059139,-0.336286194444895,2.19002013111565,3.2197903144313,-0.914827940307212,0.711834015799564,0.193454757648619,-0.4538437533836,-0.45602269240743,3.25571012469783,-0.292167225821478,1.54717624434053,3.46640821715793
58,-1.62766900362911,4.73278617777302,-4.92471863422614,1.08641185477117,-3.25531130270281,-0.000508117645811107,5.04663069443033,-4.17748789627419,-0.416994997310684,-0.670509609434042,2.80562661726113,-2.6289504308692,1.41365610785689,3.83013718029455
59,3.997120988623,2.9224454871127,4.57826331080103,6.39427695986632,9.8506038642051,-3.36060843499087,2.70416565223729,5.97395486042024,2.73481169500055,6.26383887820039,-1.64903612045223,3.12047493969864,1.88019523429235,2.49238145033071
60,3.33001632071286,5.15093785702796,1.65568520695681,2.94867206088201,7.6515750548044,-2.10090169051744,5.01152613762349,0.963335414557146,5.36369842242956,2.62946980614207,4.17326710735892,1.52812739988971,3.63280251518206,3.88443927102113
61,-0.957181834115487,1.08999237860844,-1.73937924790363,1.27417559758913,1.84032470984131,2.62187102731886,2.42570662506644,-2.65849870910115,1.00802635636351,0.563858234487553,4.22552894606,0.142730740088652,-2.25801058227627,0.731631723422051
62,3.86202015421763,4.74072698657588,0.281087992192271,-0.281253296434996,6.64532962608943,3.76166343065379,2.96752308230045,1.54197848870022,0.796820074911591,0.543346596565131,-2.75925929329903,2.54394601675056,4.10858667310125,3.51350110123121
63,4.32440932755941,2.25394574135145,2.29635883657473,3.63427969958838,-3.26822152336351,-0.174731392526756,-0.673588350610286,1.84516048571669,2.66514565003622,1.19424633216642,-1.77169386882533,3.58764272152773,6.52786328716629,1.32958812733534
64,1.00099920930345,-0.420102270440372,2.58636305728303,1.50703123186769,-0.555989317732468,-4.08102630877808,-2.29922309233541,4.71301316791758,2.22816542253152,3.21982964432292,-4.05306434786662,1.47785557916053,0.895810432360635,0.0446225118896392
65,7.13550689537181,4.00685025930381,2.21525995731701,4.34712309967163,4.26252373015061,2.83031364486801,4.26914822864566,2.30913539301431,6.88097389158323,3.34289338130975,-0.125357564708157,2.02138781831184,4.57021805837803,6.01532878360612
66,4.36567895895169,0.113698893499938,5.59645758806198,2.22481032707266,2.32075305138742,4.51235231381089,1.63973706958187,0.132417604259576,3.19691357681577,1.91686463838612,0.515872192331761,4.06774934765002,6.76509457406492,2.88788460114679
67,4.44039414706091,-0.0319650298639028,3.09517367433715,0.646611938679121,8.12851106389361,2.38242075546854,2.35352084331448,3.79665155468357,4.62475133887072,3.21474383534095,-3.50377274931181,4.8774866131509,5.47672210687286,3.153484259185
68,1.11251921572181,5.09031130759864,0.348357166509409,0.0124809403773455,3.77145850518845,-3.27353916842527,3.59692609543165,2.12856149016892,1.69732897621633,1.08105031466703,-2.52614636000968,0.510716267296697,2.22454347148269,1.18375307270289
69,2.45787784475179,-3.67832417963916,5.60121214035046,1.88471969120088,-1.56510971611063,1.6630256330669,-2.37176965821029,2.78582078720421,-1.51788281755131,2.00316201992961,-1.87079245930722,5.02455419203326,1.8915822858314,-1.09748980159947
70,0.110088003315487,2.1279312742695,-4.5129774482817,-0.999085912248968,0.769410418679866,-1.18446348965192,4.18223006144368,-2.65691259596055,3.71960196848992,-1.97843717223603,3.70842781828624,-0.919818416056414,2.48190731500482,2.72973420006626
71,1.94764568593041,6.87753887060036,3.07101925885552,3.055618864426,-0.670040819570853,-0.472457407895435,5.72209686280126,2.53907230804192,4.17034895040933,2.2962225096224,1.93378249909369,1.31707074046285,3.04468870329735,4.57373881759376
72,2.92584332468756,-1.17421315887241,3.80741856942001,0.223826573439709,6.46522569758461,-3.21843980040707,0.70269845662982,2.64773294786887,3.4510403873191,2.59652120896659,-4.034073259272,5.02041919220731,2.02776497560871,-0.448824865323815
73,5.12604508774232,0.74719091835877,3.90761140103804,4.35451501712413,9.16022283440818,-2.74363234638411,2.71609155840779,4.68277377192966,2.82013371180482,6.33696261262638,-2.00214021155542,3.40057180489975,3.15526893032659,5.00560105763187
74,5.58312885389677,3.16254734172546,4.40125526769858,0.945224114862198,1.17268637615387,1.50454366047763,3.42458856954459,1.58092886302107,3.98593892176461,-1.20419467094704,-0.721435020870015,5.68543827049345,5.53882555412908,5.05100131544713
75,3.44118690034409,3.30553809849961,1.27459047404961,0.203860526386185,2.10748081183739,2.48726773203074,1.30757434869451,1.90360758120018,1.63573594354639,1.80424282200893,-3.03298176230017,2.39838688569886,1.64311423590155,2.99929021200937
76,0.600919555777088,5.77011822428956,2.32040764481845,3.24593836236566,2.51536002863728,-3.77221359790127,3.98721390828441,0.783171478446878,5.97728163860694,2.35676030268037,1.31987262253699,-0.266622205531388,4.61834520837917,3.14871145717698
77,2.37423614394367,1.95444958852421,-1.64644410709962,1.56229959897444,-4.57435790827279,-3.13213506096505,0.22921988417547,-0.342542197183117,2.0975972439855,0.280527831971599,-0.327334913396666,0.136558450034151,4.52869679280676,4.34998634863208
78,5.40911761108149,3.27058037634282,3.80079011126135,3.62111197323682,3.35710695382006,2.78018912011058,2.25009940722408,1.53727829145281,2.99319990042183,2.43949177409794,2.54691004882808,2.42792449793685,3.37936910114174,3.37733053467824
79,4.25098058555602,2.35178449306246,5.72947424965286,2.6322995218288,4.14044683854147,-3.71072777437134,5.74401043393976,2.76363879002688,4.6016056625476,0.549895890213154,-0.180394015384896,2.75854695139208,3.44845350319731,8.09736640798384
80,3.16619994041048,5.42671765050098,0.346854752552718,2.08945835221751,2.38084993810387,-1.29699212542115,1.47256499286433,-1.91786903272512,2.77635138233827,-0.663393708939816,-0.0890516450093612,1.46239948047985,5.02576637258865,0.99951394367805
81,0.555510225867212,2.9914684489476,-0.170958217595512,3.85172037888173,-5.13629171550811,0.920082576066517,-2.00354394529443,-1.2770027207802,1.89693252988372,-0.139658412618447,2.63706050249365,-0.0140856071351586,1.01090767935146,0.126299168756065
82,-1.71781262665963,1.18522353408415,-4.9721584285879,1.41251432464737,-3.62451788493422,-1.21647076683325,-0.971868897849834,-2.14800161743443,1.47979149928104,2.27141560918815,-2.95136954573598,-1.57156096418,1.71888201354942,-0.836413270142386
83,-0.886314012555251,2.06800800662254,2.92208414823941,1.41473631904347,-3.05449121917911,-0.960890577357673,4.64026531068718,-3.72511476394753,-0.927393222837945,-0.529744049834977,1.28967896396361,1.24349508662213,3.71745445114736,4.37310443886385
84,3.7740809706565,-0.0194512825851644,4.05797509842282,1.2820566907967,5.70313053080971,-3.65945692408548,1.17707007820855,1.8988994564707,2.74649576392604,-0.405058982322094,-0.53600705479276,2.50459168856149,3.6401556991375,3.46643761219553
85,0.572353494327303,-0.0814806775249349,-1.3467273065836,-1.29061709848327,-1.81192324655104,0.683667177409783,-0.67341424526629,-0.579758299985298,2.20830316422368,-0.129948088284477,-0.441882976827983,-0.12207257159328,3.50278767496556,2.76179935142116
86,-1.99134258273171,-2.1221393366307,-3.34388182061186,1.4562862646935,-1.80163831268359,3.01579896184425,-0.611117788808721,-3.48769017241282,-2.33737617338487,-0.695937525684173,-2.43295162203871,-1.31280307513487,0.527623600572339,-1.37341805567055
87,1.62500461559311,4.75030250413052,-1.65536494098501,1.75104748898979,-6.13758472023145,0.755771225903565,1.13264912810831,-3.66878957605439,0.0430590024113008,-2.77800437818981,-0.526329449119239,-0.0528143409469524,1.29971636306049,0.707017759969691
88,3.4939491856396,5.73047337569253,-1.80078295185192,-0.170778260632434,-2.90352712510742,3.46422695736172,1.24511633887897,-3.98813703673693,2.44151547831497,-1.56244593473982,1.87699264285525,1.23312430608971,2.28038423019792,3.75258719797154
89,2.70245011715611,2.55406901595646,5.86732375915373,4.68201767937,5.28294958488553,-0.180723721092179,0.348724903896056,3.78578634342838,1.32163134607256,5.49220188892662,2.86534054917042,1.80776513824325,3.17150006453029,1.02713155525451
90,3.26007435936666,1.83703582819447,2.28554674081693,3.55524685477682,-0.414178683856794,4.55564988448436,4.444355610754,-2.21074560833763,3.59336855290567,1.41526367580386,1.79156683185901,1.31319328045214,6.57787677032924,2.60748482193021
91,0.460588676607779,4.11085628910054,-3.10633727456656,2.10638937544134,5.79412276332259,-4.19989500124074,2.80057375379991,-0.70514142509274,1.29190225505983,0.00335423146060839,1.41635097350592,-1.82939889274148,2.34077563220834,2.90055585496167
92,-0.125794734960308,1.95172820368393,5.94894187181756,2.80461644364169,-0.339722396078655,-3.95386238841217,4.31882458785707,-2.662449544752,1.37394593108469,-1.48977160131816,2.90977773093577,0.125849714270101,2.32321174270875,4.58104423482738
93,3.5010991392286,1.46518071175274,2.68956845410447,2.23950020473019,3.38437629101688,-3.08216851771125,0.736968194160035,0.650440918407441,2.89222824075247,2.35393444951168,-2.87581066659604,1.37812943767252,0.285244792646763,-0.0754474263854543
94,0.337557876104537,1.85793248655824,5.13807139419957,1.38178150845089,-2.23939407183501,3.02751170293383,1.39687004771233,-2.59180149870094,0.913828226904904,0.584578228103786,-2.96881784604906,2.96647359703262,4.15549625706339,-0.756916457107716
95,2.23683998999848,0.135443708121108,5.58655270668521,2.80812016497867,-2.27347503968901,1.2655949505567,0.670916597640165,2.22694990566365,4.32340257298132,3.03575499308235,0.513795130121357,3.50527583006212,5.82287058764172,-1.36727264851342
96,2.7095267545223,0.46733383569254,-1.42217689441853,3.69108802359271,0.936880847343907,4.16079518779625,-1.48874903500762,1.34164955629026,4.0478691456439,2.00029995997763,-0.931318819010476,1.95179064867642,0.113230716470414,-0.694223801370646
97,-0.627275502008272,-1.88198356679645,-1.40327826892763,1.36461567831276,-5.4186774287494,2.1984025235319,-3.37047513190709,-1.61956374493061,-0.351648129749492,2.43894083497268,1.69588250684966,-0.0755011695845211,1.72723624237165,-1.92339423617464
98,4.67998794441007,1.29322977964776,1.584973585291,3.20092797116872,4.77699797727221,2.71427699777994,3.73633708399284,2.36329461550361,4.45364680271946,2.84404036279182,-2.28199526952126,2.74452758967708,0.53257315307132,3.7745456167121
99,0.817666747675664,-0.526557864966198,2.46164881055131,2.10024995838708,-1.35712888391933,0.574043658583647,4.33342640740355,-2.16100622455267,-2.44485451900385,-0.766456364668942,4.26363956236424,0.259357521143683,0.814737676589051,3.71333523711829
100,-1.95854386875708,2.09913324283373,-3.40202318583626,0.1176737828731,-1.95583678976851,2.37183442242983,2.44833345296974,-2.72511651479358,-1.0956512882806,-0.411344463647157,-0.743421784653714,0.127061097856507,1.68640790712013,-1.6119792746268
101,1.67612741140507,5.98516969397451,1.93524333292601,4.01156248977035,1.98278083847912,-0.251402913679589,4.02498451091363,-0.869514709808097,2.46500715419235,0.15201633730646,-0.513295130253509,-1.13370634320903,5.35654017279608,3.30675578565177
102,4.03629975463932,2.56936865760761,-0.580977027278163,1.33593327959778,-2.75770713501332,-3.18434778579449,1.17741566727072,-0.659507945606463,0.945906181490428,-0.12145586913335,-2.55574376956495,1.95138907793496,0.394000160903254,4.33403868222502
103,4.13782342744961,3.62842328360335,6.1135183810857,3.59448979505778,9.37880624835793,-2.40050000690479,1.30041308641076,6.21986853112876,1.70972707454417,4.67709051913381,0.937928923110413,5.32677903877831,3.15449371984847,-0.0500570681504743
104,4.60486177277343,0.661939053365447,6.29475993051399,7.78725508718642,6.40542576738519,-0.502860709188879,2.00955908793178,5.30170804658925,2.7489468008598,6.28714720307183,-0.0915054814708278,3.78479980096233,3.33695294540236,3.34082614028221
105,0.255729936696464,0.637451777307801,3.89146078507445,1.66323015976714,-0.415752436434384,-4.05266297020813,-0.0545357571809013,3.32909877723704,5.0867755991874,2.65678913060236,-3.32317884875458,1.5015893034598,2.6348917147501,-1.10131006811494
106,3.25699836437068,5.03333768783134,0.859962025476475,4.21673933063611,3.9281787841134,0.884498046803028,6.55714798361758,2.00249002571637,1.53161611353079,3.14523761178581,-2.01780183086973,1.06866268641098,3.27571195104323,6.5129564909883
107,-0.882565942607157,4.00351891519848,0.218835365528859,3.49405763102982,5.86753779955307,2.37207837566578,2.14625708672515,2.46800052084218,1.90555901427437,2.74218977492911,1.74162489727713,-0.707857317694968,0.310573299961364,1.71649003604176
108,0.259623368948773,-1.4561506838305,-0.400327848309576,1.68368581238776,3.02759644662003,2.35094723292329,-2.93668063443157,1.22912726958452,2.75712063933554,2.9639649595446,-2.26714748584818,4.26083752915011,2.02692457967632,-4.86376181215918
109,7.39969932714177,1.18456839834736,1.28898709268558,3.71021051284923,7.81318756778709,3.25636277165969,2.43407233432723,1.49287229777107,3.14834718742467,3.38487027193513,-2.31571850343267,5.0025814988744,3.24653879339059,3.62987229962788
110,2.62108506969974,2.39881053923227,-1.72152729947144,1.57249307368382,-2.42980284265666,5.63128142722125,2.19990592775573,2.5874933855966,1.83606356068799,2.10515662389678,0.811625996591309,4.21499429826754,1.36715377675474,-0.149540598707098
111,1.16107647527534,2.54307077497094,0.927122605915598,4.3653422974352,-1.73362554130495,-1.64537536674451,-2.74095007714778,-1.10669820376358,2.52987971115221,0.884518896320409,3.41349352247562,0.372706695497691,-0.415142845966058,-0.514368904918777
112,4.43711314257837,4.09938727568037,-0.48432451821711,2.80026326043999,2.4062516573484,-3.27307300264565,1.22044921590197,0.0900665677550115,2.22328732712776,1.2004374036068,3.27109402933677,1.41566137174998,1.8565679187174,5.85773786232684
113,2.79106242780989,-1.67003654554073,0.396494269548852,1.50821595407354,2.48585783994611,2.210767806459,2.64530134621047,1.66839218677842,-0.0377831165495808,3.64124000533332,-3.54522240745445,4.91520326229838,5.36332652996823,1.48285759034054
114,4.452431841526,0.803868882950129,7.53154332041842,5.4564728792,2.14467957581737,1.10809275628055,1.91346649589696,3.18641890654038,3.522988903834,3.89455986821042,-3.20290847325819,4.71720133992551,6.78260273927635,0.727765466648001
115,3.20248266173969,4.54837739871507,-0.882562495248106,-1.69775412901018,1.69690374037292,1.69502912834516,3.12706805099288,1.22259626768828,6.44254677515292,-0.976819361650349,1.74848650278892,2.01692162249013,5.95514915842879,4.13207787257754
116,2.8239901695249,1.14027021399526,2.75711362902406,3.17602223379891,5.01925596955338,-4.12328336652139,-1.69115373265259,6.99863911996534,2.65548324003557,6.36579191774953,-2.02532049366886,3.91693978066508,4.06282990427364,-1.85402384175389
117,2.73488935222249,-0.0098285148845289,0.369807069660584,1.07990706032903,6.9004062227775,-0.675486444248187,3.35131333991243,3.26877072243715,2.00229978442629,5.32842894877897,-3.36791871921233,3.72932102357893,1.98037600425132,2.10807062582597
118,5.13230980080508,1.17930313297011,-0.500386250437147,3.58417629998471,4.39271466352515,-2.89889434830724,0.965819561847593,1.31412519375352,3.62068148540061,3.20451241177317,0.26363204628623,2.22904946344834,2.51204374382349,0.846153362816869
119,3.22440403389512,1.35475809173228,-0.484805659569898,3.58510742672313,-1.8392125881996,-3.19472820012252,-1.23097871063286,2.03320004255554,0.882551961710311,0.421660617524849,-0.0531178113406978,1.46506130476317,-1.14846384645195,-2.42797759612642
120,4.88900546028062,3.57165796148391,8.29324028198765,4.49110369038259,4.63414640463992,-0.344805777904343,2.32374905467771,6.39466119392778,1.08650414245831,5.30122252993615,1.62377817885028,6.94120813117755,4.3801870373097,3.31059667553977
121,1.22631321979862,4.17451884108938,-1.37388328177932,2.51330241493629,2.08324873706052,-2.73195302602957,1.65890729573621,1.67743371451079,1.7735910175046,3.9549118954573,2.82646057296504,1.44013479161228,5.43398602571501,2.20206746201267
122,4.97940357809866,4.36400446233749,-2.07445544987842,3.44464763532235,-0.825932239590196,4.30210517376267,2.02059519576402,-3.24004018668983,0.0160248935362177,-0.329502772533684,2.77929692720521,1.54759726717312,2.45747154991375,2.49028555568693
123,1.95175506553498,5.42730010873894,-1.35826720312992,1.74214988515945,-5.21604298970847,3.71802561335623,-1.02606648127535,-0.924429006042894,1.87548719939813,-0.161431032397718,2.99903895483485,1.30608012102624,4.83585139089524,1.2994418719679
124,-0.338458617045062,0.573150845402949,-2.40430391463766,0.257242334405417,-1.13498915464686,-0.12950834074585,-0.451685339215853,-2.13772038748376,1.90990832182166,-0.0415695761520079,0.555829561081078,-2.92402784581915,3.66001264522986,1.59240187177614
125,3.29450445203405,2.79990688219636,-1.39660202989158,3.03390222460776,1.92460212017505,4.34628869965727,1.55998913433234,-1.46485536935273,3.71373811846781,1.38725117317831,3.0924381368638,0.826720601819689,4.7182237581759,0.19424850909708
126,1.03345950413873,3.26262677125929,1.30209859869193,1.79168821113947,-4.08858519985807,0.460624022855397,-2.04722374587209,3.48203887922666,0.23565347504508,2.20248606965995,-3.5861509532063,2.05324809848146,5.38946759420919,-1.72727832632527
127,3.60502956858891,4.76486447054806,3.63766023965335,3.93759497057295,5.4896429854302,2.40867825847409,2.1382981639502,3.41097924714688,0.720383461396627,5.355124974492,-2.56466366631197,4.36135269719998,5.12034358457857,2.03035673734876
128,-2.2032300990315,2.87282557308384,-5.15967180663849,-0.361724162569321,-7.05992014202132,-0.895995498530677,-3.81317627314663,-1.24371459122468,-2.13827228900201,0.994070811116758,0.221205268786341,-2.20942600588759,-1.33972105664941,-2.33669829504641
129,3.31963322952964,6.83523588148404,3.42166635123608,2.78804170278213,-3.82284743673409,3.58276887126733,2.67237755520926,-0.541079970301606,2.73078155958594,0.803703230572263,-1.10092869626445,1.96415990897705,5.44841833595028,4.52845672085088
130,5.66531981632518,-0.970540004353753,5.11521142343159,4.0596792357012,0.544084582988104,2.88494257405045,-0.0270289179810301,1.35829427718619,2.8996589207302,3.14528219595256,-4.09766297853117,6.5732381315111,4.663538359119,-0.262299396413135
131,1.90446151043072,3.05519904698717,1.07447125372934,-2.08086693132559,-3.90875633102492,3.37556590463248,5.69909388746751,-1.48993627107199,1.99590574326681,-0.781361099235206,0.561045615450624,0.683895730240777,3.11698290692169,6.61031112381812
132,-0.0349927327437278,4.57145171739633,1.61249697355972,-0.648239589772071,-5.78775787943361,1.30944649770304,1.30058656203391,-0.63249527738788,-0.939362020746772,-0.271029075780059,-1.77873636390983,2.65578655152789,4.44099749018066,-1.00271000271816
133,3.37764990225538,2.49338177958552,-0.300980236749449,1.58860211247909,0.730702335001178,-3.70367428694134,1.79865182345023,-1.22344026951228,4.41484664762592,-0.266826112188007,-2.43200560914994,1.37388854845952,6.26537448053938,4.20929698631609
134,2.32777545307622,3.07366265537775,1.48832488611123,3.85963876523555,-2.27564250647089,1.23014567113544,-1.45772577615493,-1.56472617775271,4.75184856348519,0.652797544434991,0.762332744625091,-0.187721762123398,5.6335035957793,1.21425469261404
135,4.6505180814641,0.839009176929004,0.481144726922652,4.58188136002283,7.24598278519869,-2.58037798285189,1.06258185376491,2.24010773347267,2.74973753671707,2.89427667879988,1.85233126448373,1.1476741172501,3.34140468024412,4.33848783515208
136,0.201837723162344,4.6946666382731,-0.119542265332709,2.82980085971205,-1.8671585897726,-4.44808203611941,0.05736920396088,1.87894565475003,-0.692670020751548,2.21653068074579,-2.30422601481152,1.1798566918282,2.9305809964143,-0.497559567343714
137,-3.79189254895158,1.07630310002866,-1.37413787682341,-1.01860978888175,-2.37213726690741,-0.400092788346364,-1.08810478055776,-3.91001086134547,3.23621169870642,-1.35512194727197,-2.76378879827568,-1.43144322702294,1.61031925429241,-2.89161257814978
138,1.14670938277663,-0.881087968531616,-2.94401395168829,0.945429830844949,4.06460230315552,3.42500061841702,-2.9580372659845,3.70539996006378,1.2632554793837,3.33333877365909,-0.731907738585764,2.65052461016107,-0.378742413837789,-4.58197308952912
139,3.61307043410683,3.01445616451345,-1.4574935751806,0.942181925477014,6.81004693776167,0.226537848565162,2.67698959201109,2.8853230663921,2.35527316439491,3.88216005635132,-2.4834122394575,4.2517187144962,5.92582152310299,2.06042244313044
140,3.9342372694748,1.37446084429743,7.42997844345601,5.43022087205274,2.72028681528123,0.0973200120349151,3.23823399993651,4.1406453798599,2.1331517212409,5.91137534259635,0.0792797209156178,4.19710095103472,5.87930184264187,3.39808006481078
141,2.39783207389031,0.0991667552655301,7.05065243640834,2.71002212156573,3.22179042424419,-0.544988780546514,2.10042675263205,4.0121912654599,-0.0908062918590844,3.76801975869197,-4.23544024047238,5.79631086930449,4.97917939705827,2.25410839959427
142,6.00950818413198,5.0682998908449,0.711763396055517,2.89046259265839,3.24635966222042,3.23973723324379,4.59607577897067,2.81195395131342,1.29989621289165,3.72227774259491,-1.75330830260248,6.42703236578782,2.95259344345556,3.36117219528682
143,0.0785247010351456,3.86498351920771,1.5479465044466,2.26799188347235,-2.76796171636844,1.51198066287907,5.98280462262963,0.489540052096932,1.71554996791479,0.639677632704304,3.43997726634849,-0.20398009776929,0.274823122406187,5.06529705598202
144,1.7016076362268,-0.189483749404266,-1.41631984590704,2.07439575552902,-2.52732005117988,1.77040218712056,-2.77850883448878,-3.90220361381557,1.92037680571629,-0.846681396681306,-0.81719620303701,0.319627293082639,2.33119114189307,-0.901482347203319
145,2.70343420642882,-0.595071486952253,4.30601445080545,-0.341799088407879,1.58295926967008,-1.35805503602101,0.541395019924114,0.0224786979729772,2.77477479636805,-0.159869690842414,-0.768806673124002,4.45993169252108,5.50427822514604,1.7385376693523
146,4.29393039622371,1.07027757821659,1.15432348017834,3.23063189298138,2.98326919158648,-3.18043353552592,2.81498109821014,3.67440222433927,0.748301547641164,3.7955001985755,1.57433632418829,1.96597595812877,3.00265357005853,6.47618634596268
147,2.62626785242924,2.48086772547082,2.74433108320399,5.96220633305823,5.29684312673735,-1.56539402450354,4.07777832102105,0.217274327239835,2.63087144307563,3.7465396159441,-1.13431074904306,1.30743487745538,4.42330988376926,3.20279141056189
148,7.16597280195501,4.5699904912062,4.12235142738362,5.96361609869573,3.97101481776089,1.60760040179107,4.04424161571836,3.62675718716801,0.983605891375776,5.5489356302454,-0.895937675984671,4.64413304900152,4.15204533881685,7.15028047306821
149,0.449826960423473,3.92178019835965,1.14234989454513,4.17636588957809,-1.50573714259593,1.46250293096023,2.13682433912181,-1.10509392733958,-0.901763001586633,2.06554296802632,5.56712584346967,-0.311836210298065,1.12352216847802,2.39026353729848
150,0.820872249439956,1.99955510404022,0.622305521972994,2.8003606770922,-2.72328195661855,-0.375383646620863,3.23836264839914,-4.47641534948496,4.66909292505112,-1.83659149846327,1.56628791395058,-2.13699995970765,0.570580605157386,4.25818122352945
151,3.88901838960609,5.84690923489059,-0.687714685125952,1.49133368841695,-4.58134143189802,2.82176510078049,0.476587639966217,-2.61379013062655,3.87573502555717,-0.743177008574681,0.66475508385593,2.70552290364523,4.26645810714358,2.25810374584352
152,1.77925258273148,2.71365452578677,2.43011363261363,3.66912232297338,2.15638512318565,-3.02663693474385,5.87947180065682,-0.604743317318312,2.74874663710941,1.36426194146675,-2.33170087753883,-0.206097425022284,4.09624927416252,6.90034160633459
153,2.68412859731215,-0.90097105250105,3.17939777800017,4.3295911239092,-1.58835755347721,1.28192603228504,-0.358515762761955,4.16852726071749,1.59365072966399,5.90182407044381,-4.20786191488853,3.99004933112841,2.44182198020391,0.266322986776082
154,2.22413650326428,3.71670520332229,0.34012929901145,4.65757068055574,-5.19373626603373,1.70732779531051,0.512762913799476,-3.76926687693801,1.89296552106684,-1.23568474365761,1.03027598831073,-0.27736664232949,3.3548761442609,0.391903226642194
155,4.65849792816714,6.94453715461508,0.702607539301485,4.54540962267258,7.52702901330066,2.66804432671259,1.53611211160492,4.06492929402085,1.82431954916731,4.46091290281182,1.29122809421445,4.36768112941969,3.50482925047723,-0.0166152409031722
156,3.42284077461449,4.67530042478171,6.25412295817293,2.96357449263005,-1.03048300895835,2.26276402886212,3.12075129964082,-1.68855461545424,0.990638740328154,0.547351941909218,-2.81852881755786,3.66751307874507,5.79222156988745,4.54776107957406
157,1.91610605992,0.785696557346337,3.60254807581794,4.26192849187799,0.141420285841464,1.14086201810535,1.46881973043904,-1.68509122182202,2.50399229592428,0.317131344111404,-3.1110153141672,2.70406985388344,1.08267828666295,0.559580422435276
158,-1.02019172289402,0.936515051412664,-0.38423915559135,1.53523624629064,-2.32504832565062,-0.189028752005544,0.444583122270741,-0.801220956823092,0.388877844155727,-0.560153269374533,-1.78646733054951,-0.245168309540853,3.32936863857392,1.50032815171977
159,-0.560285931309648,-0.651110272603999,3.95941905086379,0.797883202553193,-4.81868369141833,-3.88127778306246,1.71978110719674,-2.27462055614408,3.18673981882598,-0.602783079210763,-0.510566012693281,0.288691017177869,2.4377873539757,0.109113980180008
160,-1.92448437240564,-0.38750234100722,0.487310273285622,0.196964645525368,1.47609795224209,-5.09113837952886,4.4432269144838,0.507931493761491,2.11537903430594,1.63531987577983,1.86352303574039,-2.0222677797724,1.10564854275438,5.67498058375951
161,4.44670242192438,4.42115131297417,4.42840002940664,4.64213563698239,4.1499698510537,-2.93417526870397,0.394853086173578,2.52669559966859,0.326042374566436,2.7861294811386,-1.96616488244983,2.95489787982609,4.01570970967535,2.85764388962511
162,-2.58333624879141,2.8112182027077,-1.69541995235947,1.7902872836124,-2.34313697948088,-1.1897325652707,2.48131605141216,-2.4431555047919,-2.14108856906104,-1.31154891218973,4.83316857938152,-4.17803757832002,0.110609122449641,4.22735248050991
163,2.1965998422197,4.76413542820426,-2.00034186351268,3.16772399958267,1.3872955027945,1.4329335882922,0.62438714285845,0.859096000006989,-0.349547220271145,2.3081120929859,-2.15076119093799,1.6790401492419,4.93156824306534,2.70895359968154
164,5.18787205344202,2.66067126463816,-0.514943004144828,0.391587852619889,-4.02698457451958,-0.692546555723553,3.01050841544624,-0.366502652351552,2.74067533864485,0.61173079724287,0.16233577045599,3.96699998141492,3.43449857182759,3.8992604237833
165,-1.48705147917371,2.19467253264757,-1.42850506498657,-0.185186959103822,-7.17895378201782,2.65986208931252,4.26670103427344,-5.11353078018371,0.344228584134643,-3.32467969543542,1.0415840416344,-2.54038821161067,-0.43973225096036,4.90177003546812
166,2.44670161743459,5.99349278577763,1.46845564690841,2.47796311728346,1.74357928639001,1.64503358965164,-1.18784712720721,1.09813936917097,0.609053967868376,-1.37139072216971,3.59476368299813,2.03274243317761,4.28262532999547,-0.357867941191854
167,1.59414284629886,-0.205262144738959,5.04885253939828,4.44945892989765,7.78057278955431,1.98931723206401,3.30096521925545,3.20509150167079,1.36966791416219,4.08883538388934,-0.341340335094547,2.67320437435544,1.00500160051202,1.39566929048053
168,-2.55787578360062,3.28701534535855,-5.72532597703254,-1.37905614071888,-4.8877477943348,-5.88792747583943,-0.584404867495476,-2.6798479677258,-1.56426904050356,-2.21463501173764,1.64730996617029,-2.36187441585757,0.387975487012529,-1.40801689967396
169,5.2726723785406,-0.280132208541043,2.8202923642402,2.34935935299163,-1.0898736285969,2.20045185234628,-0.0915532429549319,3.14687723200094,3.14789970410105,0.568995512251926,-1.54641128091247,6.01226184231757,3.08530602884919,-0.724381731903165
170,-2.82107807203111,3.41497899552104,-0.00910403686529816,-1.30377791226454,-1.34898405306064,-1.1382770469765,-2.45630534554095,2.00430414948252,0.777017005039677,1.57357684107374,-0.779913605981405,1.94231897678222,0.458416410105734,-3.09407908037268
171,0.670719053302076,2.39381449399074,-0.217920522062747,-0.593984711846522,3.88924846594395,-1.66758354054879,4.01584192235137,1.09692074759989,5.38415097294293,0.0413279965334106,-1.73614492932776,0.985268073831634,2.65514218279669,2.11734730473383
172,4.78966862980388,1.50426410166455,-1.27222089436976,1.00393299538794,-4.18885774640326,4.86208052395955,-2.30554753907167,2.54771331553863,1.64357767673206,1.57750871762392,0.150642034052182,4.24798367621877,3.24980291527814,-1.44509538091024
173,0.270781566176334,2.62609392406959,-3.60348894131014,1.43704471219297,-2.98864149460987,3.67114666626516,4.44877922970223,-4.62314009918768,0.957764074030402,-0.0409029422905528,-1.00233909400181,-0.54415407343306,4.08082892956097,2.24847105842177
174,3.30894171048233,-0.838439596610763,-0.941723146572691,2.48033054779964,7.44340795472136,-3.3371871340979,-0.0558539983360733,4.32881506372824,2.30662968784492,5.32339403059213,-2.16829014686766,2.5784038256443,1.36945792965165,-0.212787948568752
175,1.76327747911626,0.684756527230876,-2.5344654892753,-0.212234431467726,-3.30871861282294,0.431087969336246,0.609564286451039,-3.945086114815,3.99353194849831,-1.29820807349392,-3.93269164125426,-0.519799315186713,2.86298347044476,2.34253939863495
176,1.28818939550557,-1.72390715440449,-0.114905620759938,-1.25545882957023,-4.56751327281494,4.74720692224986,-2.60928395786824,0.909000688555374,2.9373545220607,-0.827288555405169,1.2065897056851,2.28782128656776,2.16722433400475,-0.950811897869349
177,-1.27138693655512,1.34037454268371,-1.46543219329439,2.22459873040402,1.53066758040614,0.948636634099545,0.0782251887506708,3.75139559519997,1.5512635549451,4.34462539587623,2.07622385033431,-0.560343484416539,2.42165000369003,-2.12402592241936
178,5.2401974574317,0.9636700959298,5.75659491537695,2.70079245592778,2.36745668658539,-3.24116182824114,-1.06976533489336,2.25088105194778,3.00792531652538,0.363584712611819,-0.656704990454094,3.48649387485203,5.58843097478033,2.17354301845643
179,4.1963122597471,2.49820684426805,-1.12780078358909,1.69236293617769,-1.26649565805925,2.18448391773804,-2.1662251886757,-0.508785160284774,1.92425879597455,-0.169956419446336,-2.20720977018846,3.45155422203976,5.2143710005795,-3.22940962557547
180,3.48633062921724,1.36205115139885,-2.58965774862063,1.04248036241371,-1.32361618444088,2.58238697322232,-1.32113295650469,0.455185392437625,3.23230281960924,-1.15547049660028,2.97262720491697,0.0295761394441663,0.100992216385287,0.407400390171588
181,4.07273455941248,0.667012950428089,6.31722005329051,3.32260169715219,8.20789059011513,2.4891553866074,4.43951008772967,5.07912797619481,4.01136927253778,1.67499574042171,1.83247893322642,3.63804080052787,3.7712891517955,2.55191110189329
182,5.3588613457197,3.19452653845839,5.18529318309533,5.89543205584061,7.44258305836135,1.17615665425923,2.39971245407702,7.43683791960435,1.33645867657905,5.41113811219526,-0.568118801721849,5.85919545481008,3.36085906234819,2.97920677909581
183,4.6373072450397,4.03804022892053,4.02112237735769,3.01779957906303,0.21293253963924,4.71142329365179,0.0877445592443454,-0.0359087199444584,1.63761677913754,1.73984077638627,-0.100314356859833,4.33893560775617,3.13040404683094,1.59812415251564
184,0.176624726559376,1.09241702028432,-3.09186135611878,0.0875168350711017,-3.12833593632427,0.836161868838065,1.87650363784875,-2.00297409109516,2.79063062501629,-0.708425997092528,-2.44512763838797,-2.00366318072885,4.68744888144911,3.20838043144272
185,5.78909643306397,4.11908056229618,3.27473606413757,3.08144747687535,6.22682510053419,-0.143866622862698,5.42591651793263,4.37321428130505,3.59977292430487,2.39262756070697,1.81654277427207,4.41760879787861,2.14554715523462,5.92735505026166
186,2.20541350840963,2.70571873765345,5.09056936055094,3.00115325743989,5.23659311768892,1.90168705458553,-1.22067545787379,4.67265786985083,4.56012500040342,4.12280997838941,-1.1669488610484,3.54517298870373,5.31919124341144,-2.59664616846636
187,2.70962854213311,0.509038348865598,-0.483476847956274,2.08804917251676,2.59967288412305,3.73544132958257,-2.75307826953416,0.498722663764738,0.843799260525462,3.53541662666663,-3.88771624851321,3.97155901057017,5.64216234754463,-1.84421798683115
188,5.04011301235586,6.63025526883602,3.08978751901139,3.2267721297242,1.95285192036848,-2.10571864919439,1.67855589536484,4.37609258028016,2.66671034814015,3.24365978033027,-1.89046796752825,3.46747233619978,4.11208417185174,4.74561747551654
189,-0.503973020617053,2.43457557955702,-4.96388423533781,0.308390248785557,-1.83228803009117,1.70367425801788,5.19271198232556,-4.30443091130102,0.742079806015193,-1.97923873674821,3.58404264094111,-3.47032161487505,-2.02264199274521,3.94574755646787
190,-1.03840365431562,0.942244761362587,-4.42268766282954,1.64259104291868,-1.89249853797136,1.68144158973892,1.77907270036704,-2.86790294616176,3.83867263510303,1.46633539508238,-0.840308677406831,-1.91336790435345,1.59044363901125,2.31850596386085
191,3.38819199618676,-0.680779123043066,-1.08146294516277,-1.8982263587939,3.61193756995325,0.589303471094111,2.70205904873128,0.687564639864879,2.48282857040422,1.10149947592599,-1.11345140138347,1.48408484722594,4.85059029128157,2.76614782752564
192,-0.949884360044206,2.35735394311239,-1.09677924332807,-0.611936726934162,-2.3807637873921,3.2312018987459,2.85495655220806,-5.50574304318187,2.07750286996138,-3.85339296251137,-0.926862412948356,-1.34972425358367,5.05229143282045,2.78992180371937
193,0.775138037597742,5.05713123394983,-3.9551166345272,-0.11957011822592,-1.82014676029026,-2.19084424057323,2.597728463928,-1.68204826737203,1.28440348341534,0.718439775537994,1.42998201716802,0.565837831863497,0.321782198808511,2.71586994910769
194,-0.2796760023061,3.35936740495558,2.01734809888926,3.70117423659555,-0.676342822209633,-0.452501504753754,3.38771826938988,1.23694618917326,-0.588880891213943,3.46873385912004,2.54668087429448,2.29322534609879,1.87833205913074,2.16170052901048
195,1.46885363402927,-1.93412898652572,-0.768013338054844,-0.643360679709078,-4.50093570464685,4.4939138035871,-2.58846721550369,-0.146573078555941,2.78755122374885,1.51281878916099,-4.10857795410096,2.65684940709162,1.09377703809494,-2.16337103424671
196,-0.974396366122231,-2.27215426748627,0.129374350247136,0.237093794620996,-4.2500958089155,-1.17212820092724,-3.40057350925412,2.18724005505813,3.84907722778088,0.475196221502545,-1.6857471841208,1.81676324758611,3.62453215154571,-4.74266582604389
197,2.21222738491306,1.14387798980544,1.81036089459397,-0.0489613529522277,1.37588590955356,2.13181312083976,3.2686582595037,-1.06710530144308,3.27705043572829,-0.37824499367193,0.81715263469802,2.63852700044964,2.47631151932143,2.45805873139526
198,5.63770929463896,1.97309700223433,4.12986578334335,3.96493151388175,6.55172101817399,0.175855791655124,2.36263838613265,5.94251266827363,3.35407552884814,5.90046114217398,-3.40071837466925,5.01065308334463,5.95142813029867,0.989145966764533
199,4.57517443159232,3.11514030989535,5.54957485449219,2.69498673815354,2.91382086030917,6.61181675514175,2.47715555933813,2.72389656898968,1.7970828572145,1.10737240367715,-2.60314337528572,6.56253355534943,5.25250198126657,0.536361238662245
200,4.45812097652789,5.18236776988919,1.33975968116954,3.05215840346688,3.76247032680545,1.99859934933803,1.49891429382847,-1.23247597551104,1.7459864201786,1.42594594785679,3.3421799438492,2.16663934090391,-1.16774436403396,0.144888308572092
201,3.82889177283678,0.678716818297681,-0.680326287035052,2.11748777181767,4.81880835320631,-2.57006258943787,-0.0310673622765693,-0.407172289025949,2.74883140147471,2.35270735791688,-1.98631792660365,1.52078068720709,-0.814443006951752,0.799374247041283
202,-1.02173184678526,-0.338831856525556,-1.87922414033246,-2.09090381117539,0.688016434778788,4.05992800458132,0.235384924290919,-1.27838394701304,-1.44903672626952,1.29332844928897,-0.964770232383708,2.00313163769152,3.56242343648981,-0.688997024929108
203,1.71544188039696,4.70646338596862,-0.815350208394279,2.98359039973821,-1.80767456164353,2.82767194802337,-0.54048505020651,1.84230438917279,-2.7496936056477,3.21010124562777,-2.96344501363835,1.8340284553155,1.27857436410136,0.406404769607944
204,4.31305267683444,1.42237353588606,2.2179557872978,6.03686085521744,5.50674635241129,2.10351199846745,5.06076177182601,-0.276203474032258,2.88623318032034,3.17149525507945,-1.91325512084685,2.16341127664274,3.30867743568536,5.46858938967352
205,2.38218417439197,0.916326790845003,-1.34017813757378,3.19216226722246,0.914494718725084,-2.82149270353932,1.29931603814925,0.0281006241536285,3.4479730781831,0.0753806286068796,2.74142713601946,1.08685905682386,5.00823855596874,2.90831042502761
206,2.90741915764017,2.05520141054769,3.8567353558986,3.8392878149972,-2.92647833732061,0.449467009521621,1.24343487110721,2.94018029636859,3.94390770459214,3.61632106603143,-1.30043266597788,5.02159390912432,2.36936283301543,-0.0355431884520297
207,2.17251507519368,2.49289177816917,3.99070213686754,4.04035533333561,-3.16577476539638,1.86338481712518,2.94276274364062,1.1352603331187,0.103857185005434,0.845519728571192,-0.449929818392205,3.41297161691424,1.15959507951494,3.27358632941806
208,1.56451235779901,-0.0380761495198643,2.85364772053704,3.55162891190358,6.01457036608016,3.06285859101185,0.890089724550524,2.49872299439643,0.457960276341231,2.48603497941527,-2.86821963682798,-0.151992647746747,0.643581293870741,0.285251842856564
209,2.90069228600635,-3.20559262616964,0.705180550487891,3.82210394405081,-3.08967792363135,0.769263123721725,-1.45870791036713,-0.709220038724169,0.00145926186890222,1.31287328327556,-2.13134799729422,3.51157370214635,2.68061839309151,0.393165031101137
210,6.81109086411332,4.48663746924826,3.6358969248578,4.0702411104674,1.82294616578234,2.96641729656483,-0.668416065749665,4.46418187316503,1.03697774108299,3.05914931019379,0.423396948924887,6.31092657958242,3.46412613404779,-1.69733520790174
211,3.70946793539242,6.37497862653512,-0.84600953771556,1.98752966345758,-1.13622528626507,0.884983372942392,2.25621137594452,-1.17506800929393,4.93016618387287,0.900500048644592,2.35698221970561,1.73908886813229,3.65819255724348,2.23594258515647
212,1.94676709663298,-1.42615792312614,1.04316325085069,0.86994207059917,3.84045484740638,3.66063068587494,1.01879354655611,2.35598207528132,-2.49625896293804,5.44951551234185,-3.79443550636729,3.61345445661327,0.401450850388717,0.946403487908064
213,5.70339121285992,5.64881524844045,0.659261584203564,3.16577639085541,2.21907770373409,-1.27323307700459,3.46486616330244,-1.5283209385978,3.64929575092246,0.704747890439673,2.37867568494859,2.64996370921171,6.83256111450672,5.0381836792093
214,2.67060024125489,1.89989917518291,3.31485023338555,5.76333794619063,4.49026763715441,-3.79823832082047,-0.553580177270695,3.14041519330846,4.04668585895961,4.52575585444675,-1.67107631163998,3.36788318121192,2.97641387211737,-0.990940985195267
215,-2.03572912953467,1.24410028268664,-1.51285040335524,-2.04940304328305,-4.90958794055286,-0.844050305124619,4.41791312219594,-5.96091028573222,1.93018183006684,-3.83166666969886,1.96221887998579,-1.45432199941493,-0.15232824083512,4.36938332927769
216,-0.0882463736298448,1.27481006319794,-2.23058266562812,1.69798186017796,-4.91875105583116,3.83171836707877,-1.27888795259333,-5.20156006858469,4.36393833427456,-1.68302528446459,1.29020316256304,-1.08573580015924,2.96655566156793,-2.04401799904747
217,2.88545966202839,4.33115738120334,4.58886075579287,2.66679585791269,4.50925519927315,-1.01468476969877,0.569692609939783,3.78508681890987,2.25485360253072,4.72521795703411,-0.269232301437101,4.03960640194967,4.75144670706139,-0.369322130483384
218,1.36723903840958,4.35199747591863,3.58538052718985,-0.246536128727766,1.73242565966991,-4.56895002172854,-0.274301042072904,1.34133854650114,0.0577039838589339,-0.119793078607313,-1.54203647015824,0.928634798589397,0.991536402682009,2.29533855325782
219,3.8687925780122,2.81981896843177,5.01203934979372,0.877178317312437,3.16319074345308,-1.22669698357817,3.47080905839729,3.13819560419471,1.18504934390574,2.9844551855112,-3.63660033110224,4.80989990957117,6.53448193068465,5.46735527067839
220,4.72077193444955,0.544884090581697,-0.457762689013015,0.450935003436161,1.53066248659514,1.93435553568444,3.94410686531904,-0.549575009301549,2.41923934457211,-0.805442980780231,-0.224136162752564,2.28815297769217,3.95706815575861,5.94865309897586
221,0.531405232322007,4.42091161513386,1.55934976984691,3.77629138166224,4.88954309512136,0.553343470354496,2.37270714888881,1.5993976115939,4.4686572964582,3.69136393133414,1.58749417250711,-0.0465372923114862,2.42019175742429,0.0145510085215602
222,2.38976698961835,2.86847374036657,2.97815416557381,5.08424484619575,7.88738163389324,3.56161118132938,1.30963158858918,3.79695759148162,-0.516489328578141,6.50009995416474,-0.533692699458314,4.50715586397792,2.54287956614614,-1.82128400465112
223,4.38565037174761,6.43803265760713,5.08819935433056,3.30969554282658,-0.674747937247987,-1.33249464728578,2.40452220259787,2.58803538638488,3.12619187208028,2.52429459448586,-0.758556110760267,3.70926885572961,6.9089765270798,3.46261983835386
224,-3.86346184051589,2.95562079934864,-2.49172761885064,0.970899784691279,-4.97516681231297,1.38674231133241,2.34870346533205,-4.055198506458,-2.09528662011188,-1.07426189068487,2.07250775350499,-2.18449654114066,-0.266289304032663,-1.31641963334724
225,3.27198068505431,-0.400982169231064,5.71667119431952,3.04806289697467,5.01460912878553,-1.87696538701645,-3.24980526571098,4.62234099365885,0.51167081633394,3.86453640953693,0.559511584647234,3.16996384963312,1.75563943473732,-1.57073449189676
226,3.79834462386702,-0.139023187556918,-0.125661361491081,4.57234184502934,1.72195030963638,-3.55367676246692,1.66707176577464,1.51434429389311,5.2992102363312,0.852338802699931,0.158434534885206,1.69720707569034,3.5394325299336,2.65128381730162
227,3.899197239484,-0.138492299925102,2.01127156184186,4.31875340223396,7.13766867166653,-0.343466308197287,2.35245550114523,3.12940680569015,2.40530500052716,3.39485152941544,0.236643302711336,3.82585402497611,0.234221166649006,-0.463681303439562
228,3.50804441701367,4.53434889184206,0.781294167071534,3.31837747945331,3.28600558293357,-0.53101944666288,1.00916947018782,5.27199377019554,3.54713319626976,4.44360713906044,2.56184239805906,2.24360857078005,6.26272684895976,2.807542013608
229,4.15294073612861,0.957802093978656,6.61111556815326,3.70169125436251,5.17682451868479,2.30438089980624,1.50375959862102,1.79519056533335,4.74161917282325,3.14028571832981,-0.279026527373908,3.56738069652979,5.22030586188745,4.11680381660277
230,2.94003230866091,-1.41466138809556,0.123647580579782,3.75529305359768,6.5458628172763,-4.0980684004881,1.49634454837731,2.13995821933392,5.55928856006589,2.47730311868197,1.51782709454859,0.951593598222206,0.300344691586175,1.98401266441467
231,0.511905128521156,0.0782614748424114,2.03580300728864,1.78166642042908,3.59188598881542,3.29284983877111,2.68680054689049,2.5909793454944,-0.51676606512282,2.54169983380752,-1.20423509514126,1.29318889986953,3.02361110526074,3.20333854223461
232,0.0866448365800424,3.37965856430327,-2.31691252505184,-0.126014249337938,-1.87197874813975,-2.08390459710991,4.77489748447204,-3.48387387836338,-1.34253284260288,-3.63936543562907,2.19012798695262,-1.68323711587822,-0.804835394361097,5.16125303575467
233,5.30064642535892,3.22660041929236,0.554663763100467,5.68977619175953,3.30089223348818,0.034461839572373,2.9896881760942,2.27591494987402,2.95403350948745,3.36105917767796,-1.90670698311836,2.58388367003646,6.37176885801291,4.62058415822976
234,2.67497717767259,5.7717948693749,-1.99586488125104,4.33439374899197,-3.70092302191105,-0.750943168976661,1.20054769641412,0.367347160484748,1.9526913370602,-0.459709228568328,1.44275633225566,1.22513695698562,3.53074382251117,1.94531502740525
235,0.472572647949354,4.65090401677102,3.03933729539229,0.135001313690004,-1.27655529212765,0.216657270744032,0.564652726714925,0.448210072475283,0.545537829886574,0.616542216725831,-3.04885946947277,1.62314603985676,3.67637305580929,2.59906027223337
236,1.55472320201842,2.92116241860082,-0.790256505937658,2.4113758441813,-0.682977985453565,-3.15659389408152,5.42425000399079,-1.2570019579855,1.95765010969658,2.11400520002802,1.95325342909311,1.00388925192614,3.12950693042023,5.85378139319806
237,4.74861659627348,5.27524632344957,-0.193655322548467,2.28892751076031,-1.11553416241995,-0.544788486680911,3.46745093592063,-0.177001673205975,3.31993812944631,1.54408311922117,-2.86853368269788,2.52169286378238,3.27556339895521,2.70800143442362
238,2.58631056883849,2.68992292227013,3.99648148074743,2.65410298999202,7.43384752284538,1.47419186945181,3.98693188987882,-0.906976523088845,2.97288199760684,3.43049587139479,0.599749080730142,0.219528884770132,5.2413657318336,4.21248941788673
239,2.79038318049823,1.57653453571457,4.37419795778052,2.73951552100988,4.03320651752732,-2.5877523195315,0.475395421213587,0.908093591231246,5.8205229065024,1.98687475253946,-1.13273465587864,3.15085302628471,6.3354339826245,0.752659078306744
240,2.98969072992184,0.963643136474721,1.6428536606258,-0.633327927076765,-4.93687265165065,-1.12283234462513,2.47104553927325,-1.38336859575357,3.58760830872125,-3.02562340796612,-0.2156628493887,4.14551262251714,4.05009136188239,2.27944737630416
241,6.69034692689909,2.60370063314571,1.77263029244195,0.569320687062263,-2.49377335236613,3.67321529696948,1.89854716125253,1.31777290643444,4.90394050237234,-1.41885766232519,1.12124672372907,5.3538402031455,5.07613605531824,3.13177931879976
242,0.886219781844006,5.46585191612126,4.40572647266879,2.34402958858154,2.1997951005652,-2.74397980507981,3.53464985657102,2.02863238163214,2.12300654765929,1.96663677797414,-2.57935977803723,1.50116733983901,4.72887740750058,1.15169922989005
243,1.88954037167106,3.07807988309996,-0.596981361836613,0.678633725215881,-6.11513355013575,-2.24450738133304,1.97069630689224,-2.68965655519422,-0.452401051231056,-3.65717323109932,4.34265757127409,-0.494152456475394,2.12951086804844,5.64403479075594
244,1.58948427628671,5.04087279660553,-3.95843910423338,3.08245971461349,-1.55068461016484,2.71447105105329,0.923868680550263,0.156025880614601,1.6023628824347,0.670767504268234,5.09018327617242,-0.839952139043449,-1.51530199813734,1.41829734292847
245,3.74267665711723,-1.75180509918336,0.0161818106158836,3.3933603251154,1.88787117583855,2.03660340352861,-0.75381563632148,-0.219595407783342,1.71087452312528,4.35707962647454,-3.9708678658259,1.29833347203744,2.20276595247739,0.0154593991492199
246,-1.48069051669282,-1.25427236920677,0.838404945701518,-0.481912471108911,0.975182860244923,-4.43631195950026,2.82623382308795,0.626645244948209,1.07010059631133,2.61350432177663,-1.34599624332357,-0.742582622461261,2.05094218726279,1.35205147719121
247,3.12090794154422,-1.08258150497819,0.964714853022336,2.20846187746994,7.7151149474615,1.85377909606473,2.40356400690015,4.1891089812181,-0.14455015725743,5.4055000152053,-3.4709383923925,3.29669239376625,0.286425373952881,3.22193563217058
248,2.23768478149789,5.55742968748188,1.23659761112871,1.85189168485265,-4.04256263636336,2.35190715849524,6.92356132814502,-3.73454243733783,3.06012733723432,-1.53450598166024,2.8908391495041,0.705258007131805,3.28849791021836,6.94474608457583
249,4.20770521967196,1.39094920307836,-2.16419816876829,2.14066958464779,1.31387361134374,1.46923157404173,-2.5756049591781,1.05943210285485,5.32078387258807,1.90919728709296,-0.324236826295171,3.31297452289302,5.41251192880909,-0.682515010077106
250,-0.412944164398703,1.95504226251158,-0.405433367791735,2.95354470674915,1.15470346723064,-0.492718442508177,0.538595758919852,1.47798180011386,5.34731434593609,2.79533555966038,-1.93007882108813,1.56068953138546,3.80568322568413,-2.5131063741833
251,1.74630197719563,6.50161674902843,1.92733451633576,3.56010347591743,-1.19592456687297,-2.1682335921877,3.41578763993513,-1.72138392873191,2.51605221717302,-0.550790177337887,1.90340194593735,-0.217342756779709,5.98480819713345,4.70454164689453
252,-3.67196569932788,-0.518648346936501,-4.62055031333615,-4.93253639443536,-8.1193328900945,0.454158240896481,-1.37815226342588,-3.57754803203452,0.0744981814467518,-3.42970715127181,-2.48512222399181,-2.10621596992007,-0.562629548389245,-1.26671931451271
253,-0.946051284868165,1.53871129308006,1.54043429537339,3.77813732147138,-2.76241074941104,-0.154479991648527,-1.21673484876596,0.279189352930583,-0.536314853372622,3.13332385717014,-4.14435811442548,-0.207523473004358,-2.12145695803827,-2.1743986117601
254,0.825930325231568,-0.552351691466734,2.88750416814523,4.02147958232767,-2.79537221785826,1.56509813819152,-0.27479998331311,-3.39220996768756,2.27876638848865,-0.581835893398571,1.77327556037628,0.985865676399104,4.52976416832559,-0.70041888080901
255,5.06322260801616,0.546667930545786,5.33928410769979,3.65685793232318,7.19039546539033,3.1324577191871,0.646708973332726,2.86829160142851,4.10662998583682,2.00668523447685,2.20278689554311,4.90513537998056,6.86801402725602,1.62710502817099
256,-2.23813606263921,3.28261172604296,0.368561451259431,1.17333119190901,-5.26045035320791,4.02993704603252,3.91717641643031,-1.11253281038411,-2.59214720787481,0.332156191251432,1.31395281117369,-1.00146465714063,1.68428152721558,4.60609460261376
257,2.58093610812441,3.94781177249593,2.22998038621267,-0.0115981819071262,2.46584230231066,-1.23936910647183,3.82568178474149,2.78542413331903,1.31396359995525,2.45174472466112,-3.03330638471361,1.54873433259407,6.07684176322003,4.51711620902638
258,4.7890745441184,3.54535033516198,4.97281075196018,4.15316924805622,7.97837963105014,2.54674945419946,0.899082574126674,3.70661193879215,1.30233187798123,4.20135057352032,-0.284588638691859,4.57991950811847,5.97309930232917,-0.627046367381382
259,4.22317906950735,3.60151814918652,-1.22814383499065,0.437690704605736,-4.45594981682509,2.85268531802753,0.508073955551998,-2.72929189600355,3.29380984861341,-3.34545716424158,2.48800276468179,0.850072824843044,1.98356513823242,1.90302699139554
260,3.09311211649746,1.24859357194994,-0.652197746663752,-0.185402308565656,-3.50903481360331,5.56956293275667,-0.67299959083355,-2.21611650739163,1.65394455855997,-0.737567295893483,-2.51051465337379,4.19600153220901,2.75496655076824,-2.1801471784123
261,3.69753424234643,4.45384801322059,1.97097089741828,2.97784966863362,1.7992284180326,-3.40389131019593,5.92844229723853,-0.614719423856627,-0.252043837288004,1.31135097669818,1.63558399308104,1.55920439192622,-0.658851244996404,7.25571284836104
262,3.33887760053465,-0.0698934522442179,3.55049100505795,6.45923002829464,3.0349404431027,-2.72630893880902,0.243104299478091,3.37420368871638,3.61447108899628,4.6687543875568,1.55283133584911,2.83077765081999,6.1540364053181,1.2960271657506
263,0.903830740604635,1.25667293356126,-0.566212678184241,2.93375792499014,-3.87030279251615,1.45556544124794,-1.29607473123232,1.9039649749804,1.54554006143687,3.82919040639055,-2.40904810046505,0.147219746830902,4.2402196382253,0.0867643500822913
264,4.43771921811667,3.00547728643009,2.89005086118891,4.07784106192518,4.95028141657356,0.706726776737043,1.90599016367054,3.11022020712036,4.4380628845472,4.43493920791838,1.03254810505738,3.61365257916028,2.12931041152774,2.96839008117272
265,3.15051424426354,3.16145099044624,0.131379066289318,3.56020640710888,1.6640489032243,6.65927366523591,4.48147880353944,-2.5396069991659,0.573293683266136,1.48308481695269,0.0320534407999194,2.45338692106771,5.97968834958105,3.56112123737144
266,2.52559937871149,-0.665027918517796,-1.70105673894401,-0.334441350283083,5.10725399280992,-4.65060369874973,-0.47958901738478,1.89147779327474,1.81741574114237,0.533344250928401,-2.14537124256707,1.82532885787053,0.868272555053254,2.1791977442122
267,4.30990028264737,-0.256954483185702,4.50687111835648,4.22634418406099,-3.06124664828844,0.0681681775331559,1.03511914195884,1.31268717213277,2.20386107277318,2.84739595157877,-2.75031336327788,3.80505134458856,2.76002030924359,3.02983375800521
268,6.14758011202419,6.22552325610712,0.706910979819875,3.19719255576341,-0.591182029565421,3.79205846138121,2.03002079601986,1.5195478526516,2.97219270035889,2.49417681148059,-2.79965464427207,5.49214841834741,4.00098176533707,1.2717681496241
269,5.26973675978674,3.00580607674194,2.97667800842538,5.72353602665314,1.15134524018543,-3.40662292945312,0.546391862001925,2.74145108967439,3.37526537822931,2.92963467219747,-0.502038539169465,2.0998891734354,4.55503776392763,4.63053871538309
270,4.20213240594377,2.96957108380001,4.7365470669451,5.67892068346218,2.30830640250294,-1.80399619273348,3.84512507399247,-0.54776498108327,3.56641027902863,0.297184002310829,1.81473374510544,2.11567599556138,5.04394224433931,6.46347160891725
271,2.89732785216896,2.04808345561267,-0.735398826808797,5.44604098085014,3.85237219815152,2.82686128688071,-1.01605711578525,0.391242826676145,-2.42979933657087,4.02267352334365,-0.794893073233521,1.96376620457493,0.637336787239657,-0.771525689170353
272,-1.54416043637694,5.53389687339013,-1.08250709869344,0.299239613596775,-2.14162169329629,-4.75018973561638,2.98183855716746,-0.716159953467085,2.9500566275523,-0.181742859828573,2.62888096159518,-1.90986033810725,1.65698707438132,3.21198007983324
273,-1.82860196824341,2.22369970221213,-0.652272945215902,2.88840174591465,-0.421509645125606,-3.01018223816033,0.0962191701134108,0.869651234039752,-0.478956517569769,3.62631362404955,1.30002804724509,-0.179836163971047,-3.06883792500929,-1.62884391143583
274,1.61743271020438,3.05972398208368,-1.53797089995981,2.05001897360169,5.49510971727217,-5.19502688142815,1.30717187881188,0.895104762730304,4.62312888596413,-0.256414765976951,2.77091384366425,-0.878946847160712,-1.66462127206535,1.91990020202894
275,3.22729148401075,6.10864867514234,2.3518447132568,3.62940385874028,1.36442699560786,2.82420172413134,-1.70108896272293,3.16323339006773,0.823251779390242,4.21891306484334,-1.54406532185431,4.46107931378387,4.79569001211069,-1.34559110081251
276,0.570939143733152,2.50741331878986,5.53495201605523,3.43272665533812,-1.4265532456237,1.23161851245779,2.13254585443835,2.11662075862132,-1.5790771425805,5.09637621483173,-3.66319660490098,2.84025460184468,5.19850172411919,1.90068401271419
277,4.6812943395729,2.91624458907797,0.17198361692014,3.15589354722292,-4.24883684861323,0.533956961834382,3.62055483246771,-3.88890056166402,2.01671209996679,-2.44465493408878,1.57324520555359,0.107450088734445,2.15021740394131,6.3129089776694
278,2.07031066664797,3.0312310380518,0.886150440464124,3.37353577952888,7.00049137565739,4.2577290475826,0.313599074611673,2.10979471896184,-0.341798014286747,3.08047992859596,2.66645072821794,0.772003467125786,-2.1770226721773,-0.555201115995926
279,0.307348459749059,4.08231035549561,5.57909572029301,2.84018526778004,2.24606943828441,1.67294612964071,3.0633728662942,-1.24072648086529,3.62494032776102,1.77654505748942,0.684052464207896,2.2246799799399,4.98812304251251,2.46013941200331
280,4.79718486592456,2.34772292016278,-1.02114987675697,1.81422326177051,-3.92464503363269,1.43950785633384,3.28879812559945,-2.46811256093667,5.60585210146083,0.303793408817662,0.390174937990004,2.1309962486305,3.23479069196963,4.11640331163827
281,1.55716900724908,-3.00164413253695,1.44098677087498,0.626091477388904,-3.27270359099821,-1.82487521839876,-0.186502307608134,1.62321666869779,4.01264008952618,-0.941447912306808,1.83124676414846,3.02551969206255,0.461578522768493,0.648484679177123
282,2.94376449688078,2.54636370654875,3.30701483901954,4.61544292461127,4.38365028176653,-2.79550913727644,3.59764597293338,0.912131924033831,0.542787159970292,3.96845208617001,-0.871890829825467,4.85616970088462,3.36520702675919,2.30662086377786
283,2.82352271058381,4.23021426135808,2.42314950984151,0.867397762951934,-2.58517172291966,3.66662538781364,3.54805709803849,1.07710480862966,0.166732488195159,1.83330915933674,-0.162434728734897,5.09584911484837,3.14493142891765,3.4469078439979
284,1.20796563116443,5.55271464360235,3.50661174248389,3.58199025249381,0.0823148514114923,2.13008980312536,6.94652357950039,-0.607256077200103,2.04082748903946,1.68514932984664,4.03553312830899,1.92784711727146,5.04112905196638,4.35394837728606
285,5.13717325724638,2.740127241441,3.06936754134155,3.7483466924512,3.16046137188805,-1.29734165657578,1.87276000178008,5.76460324458181,3.20272027979202,4.63008318227509,-2.64820484872921,2.69857574161135,1.46559983838583,5.7299999239597
286,-1.03346535062438,-0.53991581918706,1.83227972435731,1.78088021732227,1.60447327026889,-5.65462428407188,1.0066477892225,4.38929930498485,3.93529974671906,2.02293383130265,1.09107708178329,-0.885851787689998,-1.49046075851937,2.36545597985126
287,2.54417847928154,2.46172274161903,3.6668577086983,2.95233245411397,-0.449012408739342,1.76332514012765,1.1513399181613,-0.820522132796148,4.47753812211192,2.77549378316418,-3.30350061543082,1.36785436011791,6.71669177807763,3.37694599972928
288,4.69390685711436,8.19250946494475,4.43727540921566,4.61237293480052,2.10323511012149,-0.266721595938742,4.97740695515542,0.932159254326899,3.33298002653008,2.09237093056841,0.212133350065067,3.32584383981868,6.25939931197931,4.94249077907162
289,4.93843538105923,3.2719112378006,7.49050637581609,4.53264518331689,4.94264952843599,5.18770015991996,2.9476529738788,2.21216194701912,0.957839824282826,3.6355239511404,0.107676085658635,5.23988286984318,6.07133318967304,1.25015889452651
290,0.983610531928614,3.17348124859218,-0.465686365863158,1.69503351186216,2.30600547783868,-3.71974400853478,2.57873336645945,-0.69282290906644,-1.23781803897853,-0.193020167088281,1.79738106161985,2.56962516662931,0.0464067552936372,1.77491199087044
291,0.626595351056492,-0.332790561511839,-3.29624805949993,-0.867379088643336,1.11192787204633,0.944460993695833,1.79247315360157,-0.0669400257614837,0.411333225374327,-0.542333642705266,-0.226322009185673,0.340160470938959,2.18502045530321,1.82663321094506
292,-1.35753736187194,1.63583990949818,3.84876479595434,1.35318724804048,1.46150769756823,2.62902542396913,2.02878466625835,1.55066735743378,3.16355022835033,-0.903497867785135,0.95179777579137,-0.723211349403394,3.01860424823581,1.28418860044877
293,-0.46105998799441,1.89913061317798,-1.13654374442575,3.41315326327884,-5.27977543142845,-2.59805311173804,0.967578725441786,-4.49870870005236,-1.40297601006402,-0.688057078419696,4.706595618612,-1.81630195206748,0.350419578570113,3.22268992883764
294,-0.181884390852661,3.81853205295661,1.50295180692326,2.72613866642106,6.48647622996331,-5.28069143213318,2.39139777313651,2.94985075308957,0.952313264824412,2.56704957219355,-1.35758224957077,-1.40811196727042,0.0685675718683243,4.55979745375705
295,3.16170841989192,4.01258945344546,2.45719281885122,0.820101934057789,-0.365565186851549,4.05866373877584,2.11447614196762,2.75438257533061,4.11861105412777,2.72770810193979,-3.05607559756244,3.99389060843943,2.91010673361301,1.40896731613314
296,5.08106236515616,1.90922092850304,-1.98326117422559,2.0840700727315,-0.0171179134007655,-1.12072805565232,2.28941557478941,1.19022564775314,3.12775190159662,0.748704260046214,-1.50534952341127,3.43215126363986,3.16240062258779,1.89336369661852
297,-0.935144689021033,-2.27790542474835,-3.4637886728404,2.54817288285603,-6.47229335634918,-3.50542980857605,-2.05998781922466,-1.73839603496118,-0.808970787062918,1.69963701359088,-1.84192872560473,-1.39361223532946,-0.0663387696758978,0.135488880950767
298,4.10079959237271,0.489203540452389,3.4750857582224,1.74442803865987,-4.04582607958706,-1.32581159745214,0.651241602768582,1.10994259236426,4.97823854131578,1.26632388883016,-2.15363596529545,4.27276657820511,6.59171407733174,2.18131046003847
299,6.71670944685881,0.269777874392591,4.09717950851191,1.96059792663156,5.22340469981689,5.22377364573946,3.22101714343668,3.31021882774854,3.45690312665093,2.504936473689,-0.102973203185898,5.39492822302229,3.75810383085677,3.62587222784432
300,3.36158674180205,1.45459689750138,0.959473216287201,1.79103700378161,-1.18108724818274,5.85641241496197,2.96040125925492,-2.57073649851117,3.36384403754894,1.03771717000965,-2.21763041657253,3.10633959103285,0.310386433560032,2.07789049415326
301,4.38348470996228,-0.0554896259252582,1.03596155390186,2.31231708294212,-4.26811719254902,4.25496379393527,2.10670245202787,-1.82591148822081,5.46575755548173,-0.041980794463042,0.8840502996632,2.95295675855577,3.6292226787772,3.4327904370172
302,1.57103044229839,3.20388011479649,0.860312996518038,4.55211317917634,-4.66007188060716,0.202638932251547,2.47400432266356,-3.8827377429183,-0.215579784417106,-0.719130711115513,-0.138749591838739,0.477991842528553,3.52705427674984,4.2434294162199
303,0.878791826300257,4.09554638127049,1.16004093858574,1.98210186135651,2.16887881288146,-0.977808983253587,5.10126301926149,-0.0492436440125694,-0.0991089415837821,2.28290122063157,-2.90750173026102,1.38892395264912,4.2409783855076,3.86678156006091
304,0.696557352557407,1.97709954607255,1.63742590601313,3.93923460779635,2.86709904242672,-3.3795807998216,2.91488773215061,-1.28870815321274,4.31162531356701,0.781271702909538,-2.55687887089323,0.961644489612828,1.92484357612563,1.79324711223701
305,2.84283811186739,3.15200083490879,5.81738202907976,7.24250699387296,1.76481555711983,0.315337933179621,4.3152574902712,-0.699203445941994,2.90718040803304,2.6547697212874,4.3846801485199,0.584236174360544,3.34956252251233,5.23892060361142
306,3.22139824581991,4.72252984536387,-0.0915087464769305,4.16205146239752,1.55264982128661,2.57462191100228,3.28476117105071,0.749109513719314,-2.43997986744574,2.76905532082447,1.2347153402265,3.35852572399049,0.167284626703085,5.12898809681234
307,1.49226828668101,4.5545600991067,2.00319502479187,3.38707341356598,-4.178822390641,-2.0839277179057,5.17146299344818,-1.71047459684708,2.11734627089943,-0.368683885744694,3.1510544915624,1.53083006564404,3.82111481044338,2.93159508200536
308,2.80919413493258,1.24303809284019,0.348693818323325,2.44059894694577,2.93070522998888,0.777808969145377,-1.25916691859736,-0.624159140361044,4.8858497264781,-1.15808776974258,0.960354911332601,1.15771072213629,3.16959861002778,0.997642596762958
