"v1","v2"
2.0591544901055,-1.43443533635809
0.750001825191893,-0.245631548557212
1.65400653254429,-4.67616814950329
-2.43130729248803,-1.09845992874527
0.837735240373383,-0.509511694731922
1.67171997806832,-1.96520499641612
1.32465273817492,-1.13145981135146
-2.29069737379677,-1.62100372031183
-2.50437751260449,-0.414380912617056
-0.103400502942702,-2.26241138137132
0.202151403813116,-0.0131989017418808
2.45060309283941,0.715675326888154
-1.12745624849989,-1.24314591149844
-3.03090075402185,-3.08501664097998
0.604430361397707,-2.37318592306485
1.74456980650042,-1.84269436083089
2.10475756061926,-2.13759842335572
1.99661828490868,-3.02865468475211
-0.841197355553092,-1.27847234041722
-0.781052188063467,-2.88088262682717
2.13064813013192,-2.32944399640168
1.17272132738792,-0.953171459418136
0.915855004967597,-3.62654407880883
0.833418290082107,-1.83167080865122
1.70109685223981,-1.17177174073243
-3.10955369967018,-1.15848131123179
-4.12590851375339,-3.46731260909998
3.27141941940817,-3.69121660417273
1.37330040497368,-2.08995614219721
2.404590899685,-0.995457060198099
-5.11959379531203,-1.76066241161881
1.88769812354845,-1.28021679212954
-0.271295289385318,-2.0353321363693
-0.377618560493691,-3.46641756914717
-2.02697078786918,-0.533402769406185
-3.72493549690097,-2.56575561471842
2.51349215632886,-0.640909147128899
1.18129323044817,-0.606673527508287
0.500585908487389,-2.6796645089285
-2.08609142434931,-0.861154530508439
3.41316451311902,-1.58112762657723
0.419935596099402,-4.0251322312464
-2.05745866380731,-0.5523101144232
-1.91316498228918,-2.68121053186387
0.508860734163266,-0.638539893894216
0.198361819063788,-1.35574241481443
1.89731163757775,-0.959549573954472
3.30727724099251,-1.94590177551929
1.80692026301741,-0.195416474454749
-0.894540448738063,-4.68443441070363
-0.0613057803987409,-0.88262370773171
-1.88747561192228,-3.41136847199075
-0.591637519486722,-2.73974689366315
-0.386765642938812,-2.56972799442718
-0.283221887311568,-1.46351762341414
-3.91764661780469,-0.807077547879431
-0.65369459732971,-2.00777862187454
-1.22673821764704,-1.55766607271882
2.64347616228692,-2.78671852412572
1.94251927703376,-2.32248945999546
1.7277969975275,-0.353189973696391
0.0341298487807713,-1.6550799256841
2.6665154570788,-2.58765524694874
-0.533657528382675,-2.191694296381
-3.34184674311173,-4.44351427436488
-1.77398034295724,-2.28326237372015
2.15522588543516,-1.51330067419094
0.570461877974262,1.09824935920851
0.522670867551045,-2.94095730811133
2.28023735410537,-0.536977491476186
-2.04211360687543,0.4054046649222
0.385919360091534,-1.74212647760882
-1.27015982446153,-1.5580960088468
4.64284944649236,-0.247483315021924
-1.51584731730497,-3.33336275383198
-0.67827949842372,-2.91682672313283
-2.76149092240162,-0.688434779621544
-0.385324226539027,-0.822310418591295
-2.06720932078524,0.694194315148136
1.67631329791554,-1.27491692126614
0.783066967997467,-3.27225106597809
0.610644610410034,-4.6684890600804
1.74408656832598,1.27770128339517
2.10880429115059,-1.45773135953775
0.752825098049138,0.354671677602983
-0.334491716096398,-0.906424282964403
-0.229810623024114,0.313277343210253
1.29094325022111,0.0347159181775769
-3.70207216876164,-2.33750315880686
0.301314986237457,-2.09941946333631
-0.518519207765318,-0.839628980238465
-0.641608757018765,-1.10529867786228
-0.837494479243128,-0.822452529364221
-1.71015892208195,-4.2082398514955
3.29176038984289,-1.70256740952016
1.58157112613961,-0.224983016275092
1.66021326210712,-0.386249268782873
-0.383104306839739,-1.70891001364226
-1.88361775415945,-2.21840444874217
1.91447630031759,-3.21076508287367
0.452740007802552,-2.92160447970169
1.71899727493378,-0.425697355284599
-0.161818808802792,-2.24367883699177
-1.49030872608316,-1.86587267473192
-0.0865711616150144,-3.19202049505455
-2.75763718130986,-0.432232801745653
1.48870858112833,-2.90877284652996
3.19214052384621,0.50327803144411
1.52309528856783,-1.56509606735902
0.170990204734884,-0.374121979312189
-2.35930589692863,-3.16213016151616
-0.853286059681884,-1.48033755185924
-2.08237499438976,-2.16931758525696
-2.40618566405092,-0.409907124142285
4.7632908499494,-0.854567421735576
0.0197378656290323,-1.09685188077785
1.94097355058435,-1.41755680175836
0.256165206602276,1.00954779673377
1.67601025699286,-0.468504629295828
-0.183740739741731,-0.62639119657827
0.212015667411598,-0.706243497305144
-0.0823713150330977,-1.36419670509446
-0.892079466094053,-2.17910010608302
0.377255959871912,-2.613734579744
-0.214469874729794,-2.9996164299952
-1.19221346724374,-1.69358186540065
2.77531105241387,-1.03366329814468
2.97757594411692,-1.32255540875282
0.519530257099605,-1.46261049364459
-1.32048406954594,-0.707806358393553
-0.577003931053395,-3.98988922648798
-4.24317563835393,-3.25300401960574
-2.66890670474786,-1.616696664712
3.63004887262786,-2.76725124273425
1.32990845516471,-1.70620977516939
2.56577604847487,-2.85195245967979
-1.07425960493976,-1.53348992100799
0.306227255381002,-2.72825136317857
-5.16726775256808,-2.3635543111864
1.28304538311654,-2.28165618708561
-0.985020095034824,0.184704321013426
-1.67232402794294,-3.06510756149348
2.02003270199107,-2.55459334191639
1.41672956976466,-1.97104618933851
1.3117192166109,-4.38595527381178
3.34545296736881,-2.28825341173366
2.05464270203236,-2.56543407242447
-0.259368742516154,-0.991920911614885
-1.21343995292545,-1.65195279925728
1.38324812264654,-0.820072117594721
1.73162903891806,-3.75626386160323
3.45823905049697,-0.752755240234344
-6.08138930455782,-3.66720829284033
-0.516548177509463,-1.50102805544251
-1.82531651573434,-2.6227262497333
3.87227299383446,-3.84705542649826
0.858849700760682,-1.65175279974056
-0.317684624436344,-2.84044851576091
-1.34508763737672,-0.0681409010857332
0.137487009908625,-1.59475754201905
-1.39565592555499,-2.93262365913054
-0.569607291069054,-0.865908384921522
2.78884003693312,-1.37317382586536
0.0297035532869439,-5.02481076041401
1.62965206090035,-1.24979033865645
-0.394480778899673,-2.4884991332215
0.478431988225258,-0.73427927093783
-1.69715351932883,0.255639953706376
-1.20373851459574,-3.81465160761454
-0.913815310293378,0.483635470359609
-1.89597589416159,0.149810228449577
1.23753923363767,-4.23999882690123
0.95339565699609,-2.07446634872114
-2.44806037339747,-3.0230265010636
-3.14214586663111,-1.88615294901094
0.908754110124803,-3.15449896342947
-1.05964534600427,-3.51516434106044
0.558328543070158,-0.605131541742636
2.25645352394617,-2.57358804253443
1.96408387595898,-2.48999281225156
3.00236800535004,0.621824463088182
-0.844350593344289,1.78264721743862
1.07308898839904,-1.95894382445544
0.610437421010589,-1.8997188229594
2.47978978551582,-4.63006304777238
3.09450935664055,-1.15100888676428
0.173292704495481,-3.40529083388602
0.363786637809679,-3.14320714626581
0.734867961351963,-3.00648294114392
-1.52401277691982,-2.92219759947488
0.112487578449929,-2.91476541152864
-0.333817861341909,-0.628583176279862
-3.65789048153408,-2.02686891439375
0.477639434191981,-3.95067968182031
1.54149552083432,-2.02226694793378
3.64222180304746,-2.35449516786504
-1.03845701698583,-3.05619295271434
-0.289996846341708,-1.97697116709597
-0.290278282813175,-2.13626452661589
-0.74541244915004,-1.03051239251902
0.432260597835289,-2.96633261016867
-2.3393418294834,-3.55021306399628
0.199999491318087,-2.4741613669137
1.69691446666197,-2.95620927027205
-0.577000734412431,-1.49021989706007
-3.06250128826665,-2.55379745231156
-1.17954411366282,-3.99282236023022
0.29192324447761,-3.06514304373899
1.79271657084885,-1.43180731117186
1.23072001294704,-2.61593319814579
2.24877553834978,-1.36727890624346
0.948997329047159,-2.92795513896187
0.498512519403655,-0.927016410748793
0.0164506247846569,-0.303854797431924
1.06400000903311,0.74606924997264
0.200927206824265,-1.64927567223811
-2.52332616122263,-1.92187699607556
-0.707506508572199,-3.60661343794204
0.0406009280646008,-0.349529509266435
-0.559186950289985,-2.13905858087757
1.23494216479876,-0.787245360511039
2.11215870973885,-1.53205634372706
1.06256557135588,-0.921053763887146
2.72192469685089,-4.21949392065352
-0.276061344629916,-1.12336786892167
0.763911832547087,-2.4230714398183
2.14896045003965,-1.39888091462957
0.334023297906286,-3.66050822226181
1.41506514621881,-1.08071840222387
-4.73940497799744,-1.60417193115265
-0.382945271200475,-3.0205223306546
2.21710279415047,-3.68103472716683
-0.755878672361216,-0.881987002109369
0.741331905033857,-3.48603934321299
0.262396146757139,-1.90224604574125
-1.81953177760756,-2.34613547304087
-2.45029816144181,-3.15049548740386
-1.4770464130982,-0.514902300479777
0.189243251636407,-2.47445607624817
-6.5093833321506,-0.0445748645480823
0.894849543121841,-0.963262376973326
-0.249178230264918,-3.02980421237836
0.217063462248902,-3.10935333621735
0.0223583243653242,0.443097781308895
1.23622292162218,-2.903592049459
-0.0504302996163029,-0.942882135547266
0.248476741711436,-2.29048551823565
0.393551020096757,-2.60523837556452
-0.142082969363641,0.275684359910428
0.556422142328839,-2.31081881935146
1.4711242236696,-2.41169774171488
-2.89137367444517,0.0770995171822966
1.84996649449854,-0.384731189972863
0.273131610749784,-2.31332599706614
1.78657387763316,-2.54016571413681
2.19343821367043,-1.9542042113256
-2.44608481992834,-0.344932774382966
-0.960032584981754,-1.44632248286721
2.1831104287703,-2.35863832928744
-1.55085057382955,-2.15438736214685
0.172798894962798,-3.13437390916723
-2.15506434932362,-3.40894634683515
-0.908601400445958,-1.19693893133647
5.28591957643058,-1.05007029214046
-2.88317484345412,-2.37964255344881
0.447780662461997,-0.36853053036959
0.777210508339754,-1.01435632599019
1.25565226336575,-1.44613238384261
-0.876711118320478,-2.60098273796034
0.218319279991705,-3.16531556979464
-1.82775426139932,-2.08864120180126
-0.15043889495302,-1.06151440365474
0.912853130978165,-1.01066448643308
-1.63409085453545,-2.45140502490055
-2.6189000088345,-2.54787263360449
-1.80812446949095,-1.808484841146
-0.151816845830781,-1.84066418678945
1.09794668376408,-2.5681740912778
0.697654159463016,-0.606769530397699
3.94707434371147,0.123379471933417
0.901004740147896,-1.99655926273969
-1.55328848230422,-0.538643565001149
0.103492178178933,-2.06682890703147
1.86112692864347,-2.20527283330789
-3.79841555349323,-2.21952234336939
0.0491652523467989,-4.37540268282447
0.741271495173211,-3.47919833895988
0.55018605883019,-1.52956863861884
-2.9081891129953,-0.296747589489888
-3.66473528813794,-2.46757824690891
6.49982645054944,-0.448604499451096
-0.312965510082485,-1.04897270647572
-3.26040468190708,-2.0758161963933
2.71898970753297,-1.42488202854324
3.1674921772653,-3.76871057885979
1.90424358330473,-0.85623201014513
0.562679124585563,-1.34404728054674
0.740798724796888,-3.0518149347375
-1.5394207009443,-2.75641827735129
0.769314599663953,-1.29261954100233
0.231637577209837,-2.66495046531325
-2.10871329793064,-3.90470939407107
5.50640311582701,-2.98956263924872
-2.54843160486974,-2.95772825321051
-0.888819064489986,-2.70134664395337
0.0758196167556467,-2.75112625760293
-0.735441853954258,-1.57626505309646
-2.27727763215382,-3.48216181803124
2.81252443766297,-2.56072583113205
4.47190766474979,-2.88457051541081
2.67192319380473,-0.141822414019393
-1.2709163135118,0.0618743362684309
0.163579221473563,-4.18375567894244
0.267930888858599,-1.81699683319715
2.34686922637799,-2.39794445276738
1.67568312901896,-2.4826174785753
-1.17078094605907,-3.60393356448212
-0.583803293701262,-3.79786212943675
-1.86355309774077,-4.31435260336177
-2.44238616049077,-2.4599191777685
0.104937605313059,-3.12472051779463
0.0219504273894337,-2.93700572931071
2.28661127292498,-3.6860760329091
0.596891957631202,-1.91687307518749
-1.77705875887059,-4.06471744087784
-4.22963971195425,-2.12096900525173
-0.47960396202062,-1.96880991041907
-0.0606663879021437,-0.381848822569151
-3.30481425802929,-1.61493053301431
-0.135879874403709,-5.31698549210449
2.72374956914913,-0.774503301124732
-2.16958769345252,-0.13126182470469
0.834245712200596,-0.31493144180341
2.64446384164773,-1.49043204212328
1.71885016060389,-3.00503794520982
-0.337548725242564,-2.13103509248827
-2.65472729973421,-1.88405809432298
0.182285926782042,-1.1467836168139
-1.65954205618047,-0.245759014413967
-3.23562204624078,-0.980216559882191
-1.59862026283919,-2.3676054783072
4.58723965697713,-3.15832181668273
-0.916427521509311,-3.20662623648372
1.74547853003524,-3.89362445737495
-1.85605803160647,-3.31786004684042
-0.789743615889253,-3.04673943646537
0.555815329747876,-0.396515041720917
1.5692510008574,-1.8302224935926
1.80597251013791,-3.7519814334718
1.6923825664804,-1.13727783974747
-1.68471777618809,-2.12496614937852
-3.47642544779206,-0.672449286756612
-0.492428713866104,-1.38778721834956
2.84241321818995,-1.54285638916871
4.0728016093756,-3.7167002009696
2.18817025343016,-3.70273593571253
0.101784601654549,0.268080547059679
0.923754095365865,-2.95111496131109
1.19380777400882,-0.5905984184819
-2.62099286930396,-2.11673438973387
1.15455085303309,-3.34230035730837
-0.889950487648135,-1.31314682873622
-4.31973690280147,-2.04943310320562
1.48931181725307,-1.20511507182276
1.21482597954753,-1.87838474407938
2.12744072265963,-2.42603522635904
-1.23208145869122,-2.15819851141965
0.664393167545354,0.677767298502281
2.08580152841177,-2.75387071732467
1.8499885503114,-2.11598802264775
1.09446663738823,-1.4808523806022
1.16385436483883,-2.13711460570334
1.37582662060521,0.860278768023836
1.99627701303668,-3.53874414969228
-1.82192530216621,-2.39646965456131
-0.771228974038781,-0.29105767456559
1.34719899607078,-1.83019207603097
1.74339695831226,-2.44199244953948
0.19630892948385,-3.95022102048104
0.557008189551449,-2.71674624119762
-2.06524300829884,-0.452489835225702
-1.89822949170412,0.0329869285529338
1.08166437187397,-0.621541017775356
-2.08866560882244,1.24375946082048
-3.50321886992332,-0.806992968902666
0.940812270751568,-3.2710795896314
-0.060490173579743,0.00636194469341778
0.738346459339793,-3.78596692214273
-1.15720363408285,-1.74795696819615
1.06017594023795,-3.63547367293401
-2.55123021371348,-0.976987159268802
0.563974247988459,-3.03386650354634
0.00665556384511808,-0.383485685729255
-1.13067396039879,-1.84787136311439
1.5534451335194,-2.76942214686002
-1.32795789786613,-0.598218145945242
-3.23401236344006,-1.7598255851143
-1.61989255072994,-2.85768544842945
-1.88792678014402,-0.661108430785379
-2.46468184403396,-1.44156172835071
1.71339209996546,-3.75631051073673
-0.0782754127131398,-2.04691054419247
1.38399094290173,-1.75276606813814
1.3801239282944,-2.96874075737236
-0.719626324571661,-3.20306565395122
0.464286080524019,-1.92025578249811
-2.41900423870914,-1.79753955634045
-0.90320733384127,-2.32025290273566
-1.4168517007302,-0.750298468111193
-1.44436121408527,-1.51699402001566
0.239928143228513,-0.974046408414595
-2.34418178904073,-2.18281786742777
2.16269273263618,-2.48041154789604
1.41062698993543,-0.544715354374884
6.1132878706582,-2.91343249598138
-0.874043460571039,-0.524279657729705
-1.07771281406121,-2.19828896425179
1.85152133683661,-1.03226363013576
-4.06205672324469,-2.59090982329712
-1.15318403539471,-3.58672968982308
0.0167577481613334,-3.7455157876448
-0.201131178754778,-1.08130173765143
-2.99868934521796,-2.5304502537583
-0.945565574573392,-1.57040063525132
-1.66529844966222,0.324265570658843
1.16143141224054,-0.583512843458951
1.2906190549005,-1.59252879369841
1.05446423871796,-0.428235473993693
-1.66735041588652,-0.697218366276869
3.86698252501464,-1.22916075795746
2.54954656853939,-1.23810458711992
2.63275702791636,-2.8970427043831
-2.22562269652412,-1.17193085776131
-1.23288666697159,-2.71606060855859
-0.332034259545298,-2.8203982937755
0.612308643176045,-0.741245253963223
-2.70922096085667,-3.99451205346004
1.96542494964705,-0.42644496737303
-0.312697648011357,-3.11034584364086
0.867232067216911,-2.48781131087442
5.11618166198716,-2.0549279733623
-0.423571140191855,-1.79964869998208
-0.508904609981908,-4.49840928040552
0.447882458018358,-4.26208121002511
-3.93801471349723,-0.56166562330479
0.797096778453583,-0.955782688004751
-1.27564500620322,-1.7780586708524
-2.19440492898004,-0.956729504017254
-0.852602999687263,-1.19623023899355
1.42472900304857,-3.28221987606865
0.220321390625519,-0.918260156315143
-3.2736151101146,0.450903638903744
0.156928198022271,-3.67612599415991
3.54883167487739,-1.99729635502205
-0.285915506364529,-4.01509510018663
-3.0590346321209,-1.48236059589713
1.33533020683191,-3.25366763904769
1.80574609639435,-1.05997452616605
0.916777513488494,-1.74366343062894
1.0253329609092,-0.711188103440797
-2.26320922312394,-1.75406324613742
-1.90780260605084,-2.54709638659362
1.78994142850228,-2.82809031754254
1.57848050866906,-3.52690515031296
0.457681602697327,-1.9059797102032
-0.566092746065662,-2.38785635438937
0.598234772778743,-4.02496138613625
2.28313155934929,-1.39881045838021
0.386876249938807,-4.93918130701742
0.0751650230837123,-1.40451007681469
2.55967647771717,-1.14102836664877
1.01978504873828,-1.86620198032142
-0.143531052832751,0.197293683013906
-2.1825361270559,-0.899737867582354
2.27074974540952,-1.64275327597797
2.83611163922141,-1.12755639540579
-2.66984482934488,-1.27306846782912
0.346736946483963,-3.75153040896544
2.17305654126502,-1.69667920344906
2.38912125523573,-1.7278736636146
-0.533273974265722,1.26337958456809
0.397085066665131,-1.3516833635757
1.76124872226477,0.00196621308250222
-1.84723051751811,-1.37760829415761
2.45647870324499,-2.32360449795527
-0.260524020786369,-3.50493109636974
-3.26410048144436,-3.65455476170177
1.78277439760821,-2.86352775865058
1.98645959286655,-2.99793748091152
-1.12242104034952,0.232580565366931
-1.62383207218867,-2.40215649781222
-1.53953289124734,-1.09399021615083
2.71028744075289,-4.38272845416781
0.159471824885695,0.0522098019701795
-2.37502530135668,-3.0847705808341
-0.0229145354884715,-2.46148262693616
1.28402573451291,-2.62662484365417
1.43064286575961,-1.66266043742477
3.4072257304325,-2.61953088033387
-1.30754499538726,-1.6572506585602
1.37479805725465,0.12743212542097
-3.65304678671596,-2.6535192170018
-1.13228367479956,-3.43248897300904
0.76694834524855,-2.7651912106933
-0.393948044988958,-3.60943040971898
1.86124668510301,-1.09280736385405
-0.79235302939353,-1.65690699105313
-0.463076511979857,-2.20292710058669
-0.938544074825837,-3.18347570543691
-2.02403102385981,-2.86793372419618
-2.52390591732093,-1.30944424961686
1.69474251115396,-0.846176400393157
0.416304826666092,-1.95548603855034
-1.64745961745181,-2.68152864018035
-1.90665624734391,-0.380446681693314
-1.20680544089618,-0.0418768932713891
-2.26689697535671,-2.39124377778281
2.92779562680623,-1.03402554014167
-0.139201902009064,-1.57171566062777
0.335168310972685,-0.727577718774898
3.56180284272154,-1.26460856227737
-0.50802507727979,-3.78037573844416
-0.0124443892456736,0.679738918461239
-0.146343347517716,-3.0909569083614
-3.30684580744923,1.40483823979138
-2.50602573939773,-3.42907493230973
4.19356331072436,-0.649191378512443
1.05452336604097,-2.29164128210882
1.16019367125845,-1.11875384972767
-1.97782222541569,-2.06108830912253
-0.112558015355055,-4.76414077168658
0.0618994428726793,-3.12729345183918
-4.13042065373092,-0.624019687836002
1.41937940979189,-2.73629864027224
-2.3922607134639,0.377617885225805
3.60458594373368,-3.70832656162508
1.64384616975649,-2.95185977001863
-1.25890175016844,-0.229492971682387
1.24984961603454,-2.11091554518152
0.67358992743631,-4.71331132383378
0.477205660248971,-0.746746188919507
-0.856976053157454,-0.652856628104863
0.865581391239304,-1.17083758887485
-1.30936771535105,-1.60937461901231
-2.42160858030545,-2.50320948331735
-1.75348012335424,-2.85968683687319
-1.57939292532703,-0.760135884636854
-1.40599433802976,-1.18691371006559
1.20750042561142,0.182315544172889
0.343088893636797,-1.72435459927852
-1.29823193909361,-1.83622902050828
-1.97756491176351,-1.9453636853507
-1.87117057768816,-1.35263540133043
2.05748155280748,-0.461107588265129
-0.436024804363546,-2.39569953226574
-1.73289272679438,-1.90819299476287
-1.76509517379353,-2.31266491283635
-1.34854935216897,-0.819062064310986
-0.493625307555284,-3.60346099229578
-0.613532270720179,-2.13935383842451
-3.49727992456412,-1.34952832639141
0.765889860984347,-2.14506625541185
-0.0633917790198649,-2.55304277958266
0.96151146604427,-1.71786746994478
3.08374812413345,-0.867269188419372
-0.887687723641734,-0.506442247127002
-3.07284041160156,-1.5158593142003
-0.296365364869623,-2.47149018053408
0.733697497957455,-2.29701036507978
3.11084428060629,-1.92081481483727
0.21501787606483,-3.86303175216348
-0.922195507164669,-2.42878204295783
0.743926006781363,-1.38899985144902
4.22121474429605,-2.73169408082728
-0.165012180427741,-1.32733786608962
-2.20777004680161,-1.13556121465441
-1.60240184178432,-3.0694084211432
-0.970499812417576,0.07059002633267
-0.263332150585031,-1.66073044044463
0.663130883101256,-0.796182527176929
0.48558845448356,-2.05440994985664
0.775786377040854,-0.649669570711458
0.839026577802704,-1.47854159840474
1.31338848508585,-0.79616392959846
-3.2455504564096,-1.76055612090098
-1.59698955370493,-3.13889770093468
-1.23370605357521,-2.33283538389149
1.16358872748156,-2.1004348936335
3.04976172526374,-2.74852566575736
-1.89374743998398,-6.17963044977734
-2.45754293546907,-1.99725586245214
-0.16104690783258,0.508655679514195
0.82356190730365,0.941750072469692
0.48739681479633,-3.01896154619699
-1.95811121707072,-5.44754873007785
-2.94233721704484,-2.61888354287849
1.01628888530929,-2.29320127472529
0.492402262567923,-3.17814376864136
-0.60303043243354,-1.89408522910185
-0.796199267988477,-0.943501242078111
-0.235023346352471,-2.26849377135271
0.0781573359497466,0.473261906193597
-2.4334878492721,-2.85416386314184
2.26553005566893,-0.953389399408791
2.38505296330319,-2.7253941513114
-0.500631702980777,-3.60428785645885
3.16075726275448,0.639492333924604
1.58463962949352,-0.313468679445938
-1.13756786843431,-1.03057155854389
1.30193581259859,-1.81478943224847
-1.96430816702975,-1.36252796550021
1.46156242597849,-3.42477810610589
1.89208378114867,-1.57085815626102
3.57673063072342,-0.495297444174068
-0.207598778414714,-2.8724801591667
1.95675078965373,-3.92681036493014
0.990613341158116,-1.50330931130776
1.40349420937192,-2.93774505832438
0.956810144988677,-2.70385288063588
-1.19943210282254,-2.96841260256468
1.07652840549511,-0.492824721217745
0.0356690343489364,-2.57629096991094
0.876408374137497,-1.6961650194563
1.77132465860003,-0.373868869346665
1.01252723091203,-3.58596467445357
1.44492793267714,-4.68202421207208
-3.9927088318181,-1.43652543254459
-0.662754099455405,-1.51850562866881
-1.78470029267231,-1.01104020862339
-1.7426859777722,-0.512792199113729
0.418126441661805,-1.03157961129037
1.97451356694279,-2.12237434287528
1.11864063380083,-0.662197725375443
-0.570530630845742,-2.32384591470918
1.15206999412646,-1.8006803227903
-1.37240987915977,-2.07830158734002
-1.74547685238977,-3.49092509139429
-0.0517444225398718,-1.51828881489631
-0.583354127900713,-0.751354881814997
1.39022574467053,-2.26259075136656
2.30375595343543,-0.850687928491532
2.06373775445617,-1.52746537091251
0.348915424826148,-3.29970071880984
2.02139736923123,-1.44076700611848
2.70111475320127,-2.02624149432842
-0.0428618136462385,-1.69792636293558
3.31013590992159,-3.22907003086776
-0.51001683003601,-4.01737412856103
-2.10908967640384,-0.241441788715464
1.17948369655571,-2.41239276287304
1.14788481567308,-3.03003929809346
0.677738077970062,-1.72345071078626
0.509322508566393,-1.844610968286
-4.02375557965154,-3.46438726928114
0.119238245886632,-2.30354566067814
-1.43849104456688,-0.828771601077124
3.58157739797694,-3.56197329492526
5.14422667443219,-3.42822977991326
-1.26696983596708,-1.86003264251999
-1.06327029021074,-4.55425966937368
2.80658106474435,-1.11873984978857
1.44653570821626,-2.82782563110163
-3.39489295246559,-4.78399288929148
-2.27230798763274,-1.19311744588774
1.43021388479972,-3.29312617478493
4.25523551209599,-2.67395585277682
-2.40407818473883,-1.31088585442442
0.288357282893843,-0.813743090242714
3.87612145653449,-3.78397131760592
-3.11949597167921,-1.80831884965938
2.61186986517572,-3.22877170547262
5.37618647858689,-1.49888351888075
0.342714850116155,-2.74277933133882
0.0752234240053199,-3.15954887957336
-2.17013129779462,-2.65643883439056
5.30003928043066,0.547688630646515
6.26413536564919,-3.5897434983683
-1.10045238133011,0.119826938511589
-2.91987503949952,-3.04076355229678
-3.11504853609896,-2.68839903170538
-1.2747960160321,-2.88157565570377
1.71219986888334,0.530164646577082
1.33019474142862,-1.08651791961802
1.43082766336008,-2.76065647951367
-2.60692606664595,0.387217716878535
-1.00726358854453,-3.55722779246824
3.87842646000707,0.560316107709864
0.331936807784348,-2.81865301828864
0.435105053312067,-1.52411180735068
-1.37692332741303,-1.49725532733866
-0.133256015888741,-1.22731646591498
-0.971978789901921,-4.8012183372785
1.64540748612444,-1.65698959581538
-1.94314399511582,0.437314730464338
-0.206453678371123,-0.622079834129943
-2.25229898328303,-1.38238915572998
-0.450198930205683,-2.07951107883337
2.66412694888827,-3.51120419652132
0.491618758285618,-0.687746180996273
-0.305778657020996,-2.05865150076756
-1.36499747666693,-2.94383670444599
-3.36805612406908,-2.464512805031
-2.38200901570601,-2.01590820774665
-1.69242685809181,-0.921905547075871
1.48067940587197,-5.08500935736319
2.91223229866623,-0.600190694353128
3.18734768777108,-1.63427089310125
1.24312754904365,-3.94617651607884
-1.72813462759788,-3.69231177476168
1.99351462502218,-2.69521166188607
-4.49989478812834,-0.0554497230389468
-3.17664593697446,-3.5375226048479
2.18622822503987,-1.91445455926072
-1.04166320031595,-1.78571130534247
1.05407278479253,-2.46916067478273
-0.275571244328167,-1.24677935925201
-1.69531998805996,-3.07499926721664
-2.6016760644656,-2.31597973717118
-2.6342887121666,-1.48825667119259
-1.049711780995,0.292611976276952
0.941323771163278,-2.30876780919819
-1.3129568222303,-3.50802823110932
4.00559472476248,-2.67975891128705
0.919771621240902,-3.56254590603493
-1.60241716716485,-3.83522226670929
0.184020476574184,-0.436196264300714
1.87491130690053,-3.5735170935551
-1.71158813278966,-1.29482880859796
-0.761786432229686,-2.50165533071254
-1.19658534881616,-0.163263684051541
-2.32139178875317,-2.16617250495757
-1.76876757189359,-3.07522580224201
0.363546906589845,-2.145190568787
0.668405835235695,-4.20058355157988
-1.01760563817966,-1.505930841147
0.76362624568093,-2.42830694471181
-1.27238002446076,-1.50127236855108
0.23677129474388,-1.58165669627121
4.35306387376649,0.130442249334344
-2.77931693932317,-3.13604215567941
0.672261093932727,-1.76059565022276
2.2020551949662,-2.59830597477495
3.86501505420812,-1.31335200831945
-1.2459087396722,-3.34638704300577
-0.0373898674301184,-3.84252250574612
3.07488330433904,-3.71848943046151
2.10688932630856,-2.9837463839859
2.26388878739493,0.143448158825196
3.78502861402379,-2.98994710385629
-3.10694105375199,-2.21809743964212
0.470096947944829,-0.456975436745505
-1.87972627956673,-1.76174860067042
-2.92084440143763,-0.58280030205149
-1.84136373085937,-3.61772911756433
2.6007646591311,-0.593876773676086
-0.308792360482427,-2.48536675891962
-0.451890259947559,-3.95880025073733
1.62269609673259,-0.199825666667475
1.40374479018163,-2.6262083985266
-1.23526771652408,-3.0176029443453
-3.24291334719299,-1.79214915136514
1.02634789560804,-0.90759365490544
0.488667098587758,-5.30480070752052
-1.95015334446267,-5.22549135629983
-3.95401785998172,-4.77063697159192
0.570790523452659,-3.83751603493232
0.941377294033757,-2.90417785777905
0.304549582220824,0.577094386350424
-5.78250638137929,-3.01436195944376
0.0448256319357944,-0.858762875621035
0.930493992022704,-3.14516224624017
-1.88419211240217,-1.31609389071194
-2.27293355781426,-0.303001989822867
-0.367635294456659,-0.867380701387951
-2.22832991630822,-2.99522178797496
-1.63608132838207,-2.52674960078109
2.38635495991585,-3.07932446761253
-2.39391694119719,-0.573639923421224
-0.179807809817165,-0.868306839649085
2.35639120595832,-4.33575042771521
2.6259063049422,-2.99849123758946
2.59903465221235,-0.169445816518172
1.24151146124416,-1.11128553884104
-1.12697064019078,-1.17939051130157
0.934355570017625,-3.3871623394363
4.54312578539276,-4.30394866701356
1.23597607857229,-5.12527449750533
3.85846394219387,-1.17213347032783
-2.95509961767311,-3.134533134391
-1.43936069886076,0.431092059998954
-0.720584567054876,-1.87444408349392
-1.42843345903492,-2.7134584837271
0.092639352454001,-0.873319517409725
2.22477616341199,-3.17603935562387
0.459278732020903,-1.50990096725508
1.30115506356327,-2.34668088291895
0.546528784535627,-3.94262358382817
-0.264534992664341,0.083363949639883
-1.52264728576507,-3.48222135471564
1.49186117462709,-0.377790369496033
1.60803060240449,-2.84740403578481
-0.453443729117719,-3.15957718895415
1.39347430717433,-1.02871898812845
2.31896749780471,-0.134985237721093
2.28866638558717,-1.43976474336975
-3.88380702103959,-0.00404770841149649
-0.72675023318254,-4.07085893533765
0.496586561100782,-2.0067420942964
2.04177604573197,-1.81093532842749
-0.848992214350308,-5.01938833950374
-1.80193465898802,0.57297445788558
-1.50754632288138,-2.9657990215398
-3.70223080600059,-1.17396097568993
-1.25483135132275,-1.90200414227507
4.13370538393762,-1.68720778360394
1.07641185371214,-0.544366179276061
-1.23056755509304,-1.00689637433924
1.46126069972082,-0.996258025966444
5.25109988132797,-0.180207921080471
3.41025911458735,-1.46653386495566
1.58461238420262,-1.51874126113786
-0.354397677617827,-2.3759943484604
3.55743692304895,-2.78044949604104
1.77111251061364,-0.280734148517784
0.0453111282916719,-0.996933012087857
-1.39637834262034,-2.44730256152448
-3.38846412047412,-2.65841854996632
-2.43252962673534,-0.782865474129068
2.68586436335133,-0.382884638621163
0.743015866860097,-2.02119686107694
-3.65015918805855,-2.54866520755586
3.46808720312653,-1.07143277099454
-1.38965026035286,-1.51675896038986
-0.0378048542985167,-1.49127708703444
0.899102428279845,-2.01974238878501
-0.129381189235352,-0.684763409104772
-0.185718705094609,-1.48356047322935
0.576779592565469,-1.47728646857825
-0.861409540961821,-3.72198233875931
0.688283939682839,-2.87169413233469
0.728056493296729,-2.57182341400519
2.58691107622085,-4.04720905213994
-2.30540428078909,-0.743950200466736
0.361907282734059,-3.67539081908263
-3.28235615650065,-1.62391392892984
0.395367588522712,-3.83032468356592
-1.95742177690435,0.997751318266089
-3.05405825112705,-2.72303047931119
-3.18518309268679,-0.518296853926272
-0.0280891991469872,-1.13501848892389
-1.12341572078158,-1.65675547912812
-1.73910203009418,-2.33243627084459
-0.248907744382145,-1.79753478546695
0.572878179735239,-3.00170376823292
1.0023256958082,-0.464565306916394
1.81659134283237,-3.8900615337844
-1.69199546041852,0.617405589734714
-1.89253284700714,-0.554332987364859
1.59216113252618,-1.53601736611979
0.284841934914749,-1.20354104650361
0.729542793882199,-2.89690395108749
1.35796501439608,-3.34409363511793
-6.60421781593655,-1.26250872030295
-3.59757041854422,-0.865459788522991
-2.08287483292493,-3.0611147193633
0.0549118126131719,-2.93558326547552
2.10981710538771,-0.732799140213184
-0.767805100741287,-3.2461564262485
-0.110099431651195,-3.37658319707972
0.954133343103061,-0.443891540236446
-2.19115955414523,-3.27665308315467
-2.58351104867633,-4.27273873153684
0.502935949486134,-1.98104901804598
-0.839603308568913,-3.83110202496464
-0.748095454285069,-0.549228806476266
2.53731183037811,-1.06228981298398
-0.667554976023211,-2.61306910469862
0.503674122479655,-3.34471562697992
2.28719261820227,-0.378510690922307
-1.4333658736288,-1.71375295308539
-2.50863397947932,-3.93955518793548
0.182174618182223,-1.74276143701298
1.98523094044253,-0.596828490256652
1.34036708949388,-1.09263774013329
-1.57727340649744,-3.48083744370272
-0.771315398475529,-2.55484805610438
0.608179888728765,-0.772291671747652
-0.638465039278235,1.24307839561268
-0.359713694763614,0.0597966975409214
1.08860667486482,-1.39572458402125
0.418809432137518,-4.86445739583361
0.00599254142134154,-1.81554024045615
-0.849169527463182,-3.0183497271867
0.804538373348684,-3.47666856054447
-0.767611250182219,-1.03526581308173
0.976181985959173,-2.80351034592178
-5.53422547891731,-2.02491973772727
-1.03550697017197,-1.76299705598853
-0.255345296066584,-0.776104013517446
-0.102844887607682,-0.814334889288897
-1.08451868781093,-1.34334843864751
-0.687044307994192,-4.92679927635031
1.36385237965183,-3.36163375222946
5.88247829778293,-1.55012948424572
0.710169134127345,-1.20873209387873
-0.759115605849378,-0.0995189181938798
1.56084839936318,-0.320153420867665
-0.770969822253437,-3.21340320664165
-2.22954934819812,-1.94800164046023
1.5908037554011,-3.37619737633349
0.0694185525531523,-3.3032133476416
-0.861171227214418,-1.6004278862086
0.571032003147783,-2.42156640391274
-4.16073821479968,-1.37119466869419
-1.56550316679215,-3.07119851543853
-3.2487563355598,-0.1317263756609
-2.13411970191877,-2.63831133483798
-0.972238011643595,-0.219005932812708
1.3049501334282,-0.731551465039666
1.18446298045637,-1.45988440726858
-1.43424640696087,-2.80498782559336
-2.3109255516034,-1.52826020264198
-1.13978802508943,-2.90179105945155
1.25500675138445,-2.15180719565046
0.80059965314947,-2.36699484681163
1.55962148005367,-2.64482260829238
1.07671970177038,-1.72086507398043
1.96954368559297,-0.653758318303574
0.0144953391290039,-3.83021084036576
-0.92078082551767,-0.509068700184421
4.00586535826842,-1.46730947820928
1.59470874636231,-3.05184242345257
1.03354220463188,-1.85150603206503
3.65512021341618,-0.661766524033879
0.472585788073112,-2.68290260571918
1.48415277887732,-1.52815477813417
4.329209060503,-2.84167461931766
1.29505804172177,-1.62988683257497
2.12740230092211,-1.54516696453431
-0.16000182378941,-4.29626349373451
-0.0218999261164816,-0.012768525830487
-0.131858357952726,0.144799543088428
3.41055450097077,-0.586387644811472
-1.13936929873136,0.258283695943814
-1.47802401625776,-2.69133091896181
-1.38169530287702,-3.93656292077232
2.71445636888229,-2.39011135239294
0.647053441634734,-2.18387730352061
0.821639330753387,-4.76046600557589
-1.10808295468425,-1.00834930949467
-0.376125915565521,-1.72960558801037
0.868435319837902,-4.90912249989103
2.96873179734181,-2.04486838531885
1.17313335244654,0.316810340842522
2.70027469886891,-1.15460914586079
0.887125201538592,-2.32067596544585
-2.19873658785582,-1.81427714186233
-1.26395448498719,-1.34784541483084
-2.59637578589244,-3.50940831353377
4.50850951351092,-1.83177805050698
0.306985781516717,-0.525817582895586
1.94769301904146,-1.17799676160044
0.445970893685265,-3.54714655009199
1.52892623602838,-3.80365771551705
-1.57161802961938,-1.58895894390641
2.39941398572244,-1.13241165433258
-1.777501673315,-0.963544592446594
-0.0444566006412849,-1.53328204997
-1.69416074961708,-2.5025088924579
-2.38300194214426,0.208831069274428
-1.3480700365051,-1.52545097939233
-4.00327646754047,-1.86046975936093
-2.27763570819671,-1.99028372466828
0.837715845990357,-0.998074287877444
-1.66468649874469,0.198564570190723
0.00545770054118727,-1.14180461478824
3.4135982671829,-0.0501587824007614
-0.940408838276782,-5.13301866075506
0.97764333536064,-3.56820957589491
2.30403613642294,-4.70099782288422
-5.81705219878939,-2.48022797639225
-2.57499419192264,-2.38919168481369
0.997450260744263,-0.291004648798989
-0.982241224427509,0.280432857260438
0.429476201107522,-3.34651046127901
1.1060083012019,-2.84724589557455
0.816298873352893,-1.74868755650819
0.281473827097392,-0.817680823313352
-3.17322236559943,-2.02616274565284
-2.23852493761938,-2.34624784513725
-0.262306636231786,-3.13456334260151
0.178575330550085,-1.2944571031077
-0.691340900948983,-3.4591633117372
1.63385544943094,-3.85130071002451
-1.04683205506606,-3.79903068742356
-2.57666295810196,-1.3172413004472
-2.25802066339766,-0.0955612173024623
-0.735171487637437,-2.56826682141059
0.0805167245617828,-1.04754750396708
0.402819420844276,-2.44577356618641
-0.549841679764885,0.460721192305111
1.79241258129177,1.58611537926861
3.17034678989617,2.62719334311657
3.93507524153997,0.729948075105992
0.762173184053537,4.78640268964584
1.91424192145775,2.43615129388032
-4.07858697857134,0.827267225991917
-1.25774432845708,1.18532847759077
-1.55890752322488,1.79587631327333
3.31459579017194,1.95213934867499
-0.705961116632272,2.17560578454858
-1.68319628612327,2.28470390393922
-2.10144091283999,2.2771311613611
-1.71276496235881,3.03335985924674
-0.690372624059279,0.140474345935188
3.49602453094178,0.955103963548249
-2.71400833296769,1.46283762858286
-3.22997015516086,4.15621949452968
-0.46176907259268,2.99608507421118
0.121405864715917,0.871097746354599
0.722300071166486,1.40133396003264
2.98793891227259,2.62151558667182
-1.03754124134086,-0.321963662497344
-2.03518286955841,1.18249097426075
-1.92038446191719,0.991389757877471
-1.15696126284065,-0.0657078390017385
-0.878752702367823,2.94665355630515
-1.63423660897951,0.852013200681513
-1.71162208101061,2.79926040009505
-3.87054854064048,0.927099733311951
-0.187003677028222,1.13277830447715
-0.848831656903459,-1.87492732447581
0.647125486209836,2.35783000355743
3.64580601356755,1.54628620013525
-1.60568513545034,1.03109296886795
-2.51728700560507,4.50216847891604
-1.20932293782332,2.22809329427278
3.66267646638789,1.95851753461699
0.552293643607759,1.44445666584192
0.633447243023216,3.39442423137431
-0.816939427989349,0.953565074031836
-1.04377880608108,2.39902156182674
1.93797045604125,3.30330365008029
-2.36009982827935,3.38381236104096
3.44938177710879,-0.234555071061934
-0.868866393940674,1.80707631684484
-0.885225942945106,1.12104691442936
-0.558922074887207,1.11648971594667
-0.435946432062128,0.601331746897206
2.17545967367437,3.28264274819108
-2.19833785049103,1.61696651191547
2.1144055379518,1.53691741644006
0.940170593487002,3.30865646210662
-3.40467889137726,1.19423084742699
-1.74843407667712,2.61617723312765
-1.77582264266027,2.2490802630297
0.11691042303911,3.21136662729644
0.119250230203846,-0.506090462205727
2.65819677932874,0.732066568933744
1.70856587389979,1.80661612387134
0.819372580015604,0.973405649173371
2.69255230471399,4.31809511169134
-1.21244987936817,1.23452203007776
-3.07522174695128,4.1468059275598
-2.1099765380673,4.25143370745873
-1.4689327797093,3.25279360195153
0.917974974126183,-1.79042239550165
5.77346775237754,0.864948057020279
4.0349912963536,2.04284923782589
-0.543472920914684,2.36728011386057
-2.24672674015281,1.80929738270445
-2.51170772660725,-1.35258920420405
-1.08494896333107,0.841410632177916
-1.33608605673151,1.10584053918033
-1.61321267240177,0.80209881303888
2.14871790818687,1.48495854544845
0.411491221228058,1.56278220366164
-0.187988367425384,3.92156463480701
1.6033092852529,1.22959394356423
-3.16277253522921,1.06066676168111
0.476238209800085,1.29109163080652
-1.44032926542783,3.26291235648404
1.34562736151637,2.8745573630948
2.24175138594882,1.67548367021685
-0.941435966829197,3.11911756192435
1.87104097976184,4.72489904258098
0.517074160511754,0.0181856961993025
0.09459886207699,3.04925212544261
3.81202755748483,0.83332833553968
1.0637344250707,3.04893363019981
-3.25123037507767,0.592347033784848
1.83178755279372,0.613932955315433
0.269986898851868,-0.765655177281086
4.07499381424234,3.34348815975405
0.292461338683784,0.925106272986642
-1.38108768952757,2.41784044817056
2.34037177777033,4.25520526093159
0.657204499052392,3.47367123919413
0.304708875256674,3.78709330662708
-0.497939221840536,1.3482856247797
-0.179525177696683,2.38822111125058
-0.298365345679593,0.90799887750237
0.125175958770807,3.15757828557679
-2.97406604366329,2.03400260601743
-2.65746504553634,2.31396980902618
0.421605662294396,1.54132146860111
0.445584075946624,-0.343636655386575
1.4041840158145,3.47381960936778
-3.19412882128087,0.734742409299703
-1.93771021314222,1.60257578647263
0.313053767659221,2.72503737776205
-1.47438536532979,1.84282568987828
2.78111971113174,1.56380109678997
-3.19222637892935,2.35253497716614
-0.734925315019942,2.5191283894863
1.95051724351458,0.32272541368129
0.652192015316647,0.23078828932185
1.2052391346912,4.28742140327994
1.78105050936444,1.37609145453394
-0.333436882003762,2.81029475134063
4.03302197908511,0.0820679513233811
2.62828467216846,2.21250604312095
-0.590969609943308,3.65094031251884
-2.57710832918049,0.338045914447653
0.964173137553658,2.37023369101362
-2.59503029154854,1.81311029913012
3.1766323730361,2.62710959814495
1.15805369758748,3.65398103762164
2.41532304084583,1.88344564107796
-0.641432594725313,1.55241860164282
0.31009128449492,0.983833207668194
-1.28786875883609,-0.793839984290589
0.362161440534839,0.536083352874418
-0.0708450104647079,0.576684523343744
3.64532611142632,4.40867561384352
-1.90596133611109,1.49294411539838
1.0956631344018,1.63054106460633
-1.59100943964092,1.33051298802241
1.69704007098236,3.61675084036295
0.836341413541234,5.01501494815364
0.456056126367082,4.62142630564097
1.06636576002789,4.03796858881167
1.03170593537313,1.19087289485153
1.21016500311917,1.56991379775138
-3.67648533554035,2.4371600276277
-0.270893569830904,2.76356003540681
-2.07248387117354,1.87825114448781
1.69842713763796,2.86843452603787
-2.3602741924868,2.20868397409628
0.64017983296964,1.43387042037699
2.52850298686753,4.07030473815365
-0.212327902554414,5.07884408762297
2.13243832049002,0.214627697669362
0.080903754308859,2.79191223178468
0.784552861556012,2.53112100960947
0.167857865768266,0.656857602932541
0.505492253330946,2.26272634291151
5.21654008609501,1.98897226067648
-1.87446475619605,0.936458688914451
2.21959032377426,1.59994079848175
-5.17619511107045,4.48546262231342
1.99926224907277,0.68681565110156
-1.71927417501365,2.27911098790622
1.87600109727339,1.52545971049151
4.22426044382163,2.25174236175341
-0.824080570835191,1.25733177765475
-2.39178983601676,1.56738676692052
1.01631165430897,1.40917272324749
1.49223213065686,1.96193481085972
4.20893294905471,1.90314416008098
4.68225572006264,2.55215540980742
-0.52759668786972,3.73621776001158
-0.0212324390813229,1.90681262737684
-3.70999968034299,3.34959809448891
2.89415714203258,0.425533892241191
6.17783785373942,2.71576507132752
2.67213259394293,1.33880176015453
0.938400446766847,2.37898349323356
2.08254579481568,2.30177967214645
-0.236573465423454,-0.273239846839943
-0.759438741653259,3.50268498183077
-1.24665086973094,1.76545343874478
0.199027019484907,0.873855476759521
2.27990217095218,0.616623193287303
1.83636387651065,0.919484494243567
-1.76156805507847,1.76624690747242
0.417025529377526,2.53396326524829
0.753188931572947,-0.61285536015524
-0.523262253196525,1.84005466824431
1.23442795685323,0.0977552805551272
0.897193919745112,2.0930018277589
1.78778588957037,1.72693401996311
-0.258598303542558,3.12081895709824
3.29938391484051,3.54071950944267
-3.38338775812136,1.30647311834306
-1.00464358798447,3.97401822496653
1.09815897148079,0.176329388234594
0.798825616718314,-0.398921143754452
-2.43889099680719,1.37118338136995
-2.84891682071236,-0.376223081995426
1.35668946782048,2.27937204597642
1.47609431192768,2.09778531757085
-0.880269879530816,1.55695296308508
0.0571750460547659,2.7164382509837
-0.088710028107462,3.95649964487483
0.250758558149308,1.08424250971251
3.76216523677285,3.12157814439546
0.477347740694868,3.83428366398995
0.297954524864783,2.07938121905805
2.29368707640221,1.31928303832591
-3.40457088030083,3.8249653787653
-1.32463639445147,1.88312355755282
-0.749602539346333,3.44447316724109
1.47321179709634,2.72280025963679
1.86670054477099,1.76547855477791
2.59741480213256,0.74470684456927
2.96117432991581,1.27253492332775
-2.60000882488393,0.342748357258156
-0.469867084623193,1.98132509115296
-1.13015595143872,1.71753253487164
2.20448952280914,1.50986792824217
0.163884694524065,-0.957417676976668
-2.33219237428826,1.04495569933386
-4.75196036923399,1.512079152517
-2.67909199658523,0.942968601301031
1.3346662903445,2.58879795392672
-0.282208417380913,1.53379292961852
1.61388590723908,1.4827272729079
2.3548194761738,1.15168186411188
2.13024890025514,2.21974143825235
-2.41408497777703,2.90718622245288
1.8501843010981,0.0298700836189625
-2.97118282115237,1.03904619369991
-2.94133411817273,1.20520496946889
-3.10860681353373,4.1935536180201
-0.580362971811913,2.15538159610672
-2.2543188672342,1.28703022649084
-4.24933000419411,2.74529397389951
0.275532039757785,0.477127819950735
1.12941965206324,0.956559980161663
1.48814368854332,4.08375204408546
0.557359560083896,4.54765133538227
-2.1118287033338,0.576387036082839
1.22441782921144,1.5554730930281
-2.48192103550954,3.66939649095964
1.22699843406568,0.971152137386746
0.203981324022346,1.29090295992939
-0.219569988092447,2.34316817399493
4.77106633653278,0.364704018396392
-0.243443490652111,1.49449375634011
-1.34916662641569,2.11036903707735
3.2963490437699,3.52540497722241
2.65118050224178,3.04612493680492
-1.74170424548827,2.6377091939198
3.87846112141438,1.66985077105288
-4.69302969149509,1.06706143117696
0.358408772195836,3.36732460762112
-2.13278814132448,0.82374363466182
0.156318192219905,2.07351905939095
-1.75944863253644,0.791328985455598
0.423755358720179,2.69696336061659
-4.01775983899594,5.24424033204038
-3.36693727669637,1.68685083365259
1.54152120947364,2.13581716505769
2.30575402960226,1.03325231714288
-1.00019523231135,3.25260244990674
-2.30105158913323,2.23791518476168
-4.13277285627703,1.84740042728571
3.73560483275116,0.991960969014938
0.934720534025838,1.61411497472365
-0.500615571446601,3.57339293650919
-1.13780407681778,2.44540790923079
-0.509141788046972,3.61182019561388
1.49809961024791,3.68208422567603
0.0962350816400219,1.28771053211414
-0.240618185595477,2.45384314973409
-0.521970474542389,2.14359689391239
-2.49901204181758,2.60817464636302
-0.893812408953454,3.56623576108797
-2.78190013393945,1.14587731966496
-2.79898129092853,1.65878694447377
-0.870404493032192,4.14628729536
-1.53426415633617,2.22523587456787
-0.738926347949788,2.90546515903679
-0.285030837992092,4.13522171686605
0.462662511751747,2.51876130204606
-0.418817193275218,4.037140624241
1.98410895703402,2.63385265148109
-2.58777180145723,0.815755899206889
-1.25170328135198,1.8638251741089
-0.648939038488449,1.16458363552936
3.44253495587551,1.42268088257011
-2.26205154667535,2.54380552588421
-1.15299785164368,2.68330548251873
1.01945659833566,0.870260282717015
-0.0634426813642691,2.93770521031591
-1.43159053291689,2.6160019879578
-1.34875985991892,3.08265645874582
3.06439158895159,0.991166799724799
2.33205222743877,2.62570568238097
-2.67540062987018,0.854616757570424
-3.03924875712805,2.3785273043537
-2.01642533745747,-0.765388883043756
1.50863867458401,1.25959182875999
1.17733556395731,1.47032020150556
1.26629092087054,2.54206799925803
-1.52438331267714,3.67230823369959
2.60365534335751,3.64671741762788
2.11883336955338,2.04387609615684
-2.30408975514831,3.32212901136484
-0.4287952840801,2.22780082174308
4.04262977688554,2.85691057589231
-2.49645272049411,0.340140253931834
1.13443493405175,0.295471642525172
2.52742397605334,2.48093675111623
-1.54985510361692,1.31582230971564
0.857510068248183,1.23216066296337
0.201382307342815,1.36180440282042
1.55496556960983,0.332217596571424
-0.685915681574427,1.59336012334167
0.286511736217418,2.22201035099628
2.33288514015778,1.52475676036065
1.47108089499006,2.84572536137627
3.22521686990492,2.25596587789286
-2.70465615242738,-3.57915767626412
-1.75920272299823,0.771830727836111
1.8755523123316,2.20670285165252
0.750868350570237,1.78821988432514
2.25364525735283,4.41933298443963
4.41650210776359,1.88354642866252
-2.10763300859507,4.96125036644678
2.36240062805878,2.96475324287543
0.588595331510488,3.30258528090891
1.60407760873888,1.220915908835
3.03006210028857,1.50773256579314
-3.11848477678621,3.93034479946276
4.74157622388776,1.09059063041442
1.50152978529694,0.666354021312572
-3.88620772861355,1.93995406753117
-1.8551570727115,0.0729378739251851
0.792610682057791,3.98418758695226
4.24736350471941,1.49057458707291
2.43760623680027,3.37034402318894
-3.61025196093058,2.67937144299016
2.30998015176712,4.15243940008845
0.041709808127203,2.92004473564522
4.70065334289889,2.40763372439678
-2.18835880905727,4.1685781832318
-0.331398658991384,0.166883879157391
-1.00379938161124,1.28059233184418
2.36537582109059,3.60104099101492
2.48336491508346,3.58926310920519
0.360699714570713,2.08481608547395
-3.13414730686267,2.60785392658114
-4.55316918010262,2.54516132713177
0.0158959265361867,1.16086488339056
2.76873258938822,1.35453151847209
-0.270319440280311,2.0991380936653
0.204749410590683,1.03216863388995
-0.814495372680208,1.88641326647915
-2.86292484225942,4.46082190440073
1.68255942039392,3.88742882870581
1.05047502444453,2.35394490826682
-2.2149850631659,2.73963230288015
4.47585844920637,2.83597358007007
0.187608548505976,0.570164633510421
0.422534189142659,1.06593014504456
2.20334477980148,0.864777524916586
0.827466170918645,1.06000231103633
-1.6096925976363,2.71141105098804
-1.60493165746055,2.10209831987326
0.101827654007118,2.0069625661875
-1.41347795301943,-0.035525890952083
1.24552287007461,1.78020773761868
4.852030694742,2.59563542808447
-0.636268885561229,0.955811108405636
-3.12933823148985,0.16185931066296
-0.585289615471892,2.03363500381961
0.502947314904493,1.40905162839401
-0.548235985617721,3.9223119247999
-0.773739937704021,1.59552110801872
0.833758555164609,1.89384559801991
0.333809259851768,0.505829023593585
0.324148320725793,2.26829816466208
0.475381988979477,1.31813622021351
1.52922082752909,1.36491332816019
-1.28355053898706,-0.66896313179299
0.0289606518067856,2.15738036255186
1.53547498205787,1.79086533834146
3.19855374678143,1.51152777936327
-2.08096518967182,1.40638395307443
-1.28025556314467,2.15867351119165
5.80911391096575,3.13036354661613
1.56183441381257,0.625389763669995
-0.640276143886561,2.15339170954916
-1.52587653203148,1.71706224516432
-1.31046193750349,2.09691645644286
0.392799825690536,2.59465933592533
0.467825907581758,0.100446050231112
-0.163785242856675,2.37401930591858
-2.24685308142903,-0.00527051566760761
-2.17855562819499,1.15608876651353
-0.972579741317487,1.57044436480984
1.11912997622839,1.41557498481032
-3.65612435827322,4.28857724898917
-0.342893492493097,0.835831151181374
-4.75064976331637,0.870448147636651
1.44920703140116,1.42120360629784
0.930847285291501,4.28073016626527
-1.22434273385319,0.155605023637083
-0.522417746737804,2.4783296803963
-1.14336742534061,1.77899999154298
-1.67708014780986,2.61263416962733
-2.53123591100667,2.11516867636703
0.367013756977476,1.84155484358576
-2.39593161995895,1.1287674503067
0.0801499558388278,2.43465090502878
-2.50880938583128,0.851340723515742
-0.203386614022459,1.91319847185606
1.6826737345786,3.00235349020925
-0.663726898302366,1.84340109880416
0.373761145001073,-0.977169214243263
-1.99154417840647,0.875755013860141
2.28979008879115,1.17008722258992
2.07782029836644,4.20248210753849
-3.22468841452761,2.91060247633774
1.49024203601234,0.352393897016642
2.78534916835079,0.894817839851926
0.658884064396991,0.850559988068402
-0.0410473543017628,2.3290586527384
0.575457614278385,3.6716881646463
1.22710788811984,0.889669634718833
2.72309952100558,4.14814700514937
0.740806080835188,1.0328760324871
-3.43724193805465,1.31430349678142
1.56057367978361,1.12555788256774
2.02254863236913,3.34155994926627
-0.656699523533361,-0.247279872432344
2.73625721838312,2.59660052926845
0.0599302886790397,3.06003538343274
-0.48502308913863,-0.574901785532111
-0.981315614697688,5.43147354249877
-1.97029981762972,2.7328178168292
0.0493698919606119,1.11384736222626
1.24208736825412,1.11684136277261
0.722567449631937,3.78026881913643
0.385165309792308,2.51519710374466
-1.42663581265145,3.86161648174258
1.78101490703653,2.01495792882997
-2.26016146747638,3.95242154737579
1.19351245372486,1.12164190290471
1.67692552701812,2.97428322953401
2.03900380860641,0.467456396452484
-0.668486553774171,3.74036154887324
0.470296100849381,3.92618306103344
-1.68271712501386,1.51195603206332
-2.08421519624991,0.435181507459822
1.21500849245551,1.28108750961468
0.578152467816619,1.5843099281106
0.633557261212054,4.8333264958539
-0.975207933325931,2.47169350260894
1.51795711139586,0.383175699009162
-2.47422972233162,0.147537958758358
0.53707174230593,4.23713490779844
-0.818725654355701,3.44490623292831
-2.02841904632586,5.28723735483825
1.4741681012413,0.929305108735487
-0.699772065976949,0.847225351149823
-4.63257152108533,1.76147339028679
0.930234051821006,2.45749166193895
-2.09893683887653,-0.578250086014783
-2.69983890706173,2.42938865229795
-1.0320423025818,0.945200030308742
2.63766352788057,2.42848586607346
-1.94735404739382,1.86019458787501
-0.386215160777665,0.645864700794063
0.406657073105024,3.38834965542224
-1.42216646840187,2.45644702817514
2.56280019183536,2.77566697411256
1.42660742156426,2.21015060927659
1.16218561485592,1.86177657484631
-3.50965063953573,5.13021152921369
-0.676884536902477,-0.767737088088638
-2.3018722010138,2.03089549042909
0.666039498282478,2.3609906327629
2.42672061755689,1.92268968920456
0.846746709503076,-0.181209545631506
-0.315469640985979,1.93247156198356
-1.93187873056767,2.72301658290543
0.793029643098942,3.08311407215825
-1.98335081779283,1.11836612639908
-1.89204394087121,2.61370775611279
0.356613037635426,2.30680550660598
-4.81195798816428,1.81202128803459
1.69031927483339,2.97195069946585
-0.619225209907627,1.65414267810706
-0.958706620994705,2.60186255086517
-2.45852254892335,2.35919341973627
0.281748178271813,0.924748103484927
-2.59602476410413,2.15204026770172
-1.96423318933887,0.715081634874182
-0.562014198696584,1.35238939947347
-0.0229522939217901,1.07952453441482
-0.317995303214934,0.439428184862148
0.855147852687862,0.722740292133568
0.216812466776451,2.56430792239007
-4.89862581923392,2.23045709782209
-2.72954018761893,2.39860155096161
-0.202479203890669,3.56730895791027
-0.289496833772942,-0.575154279267578
-2.40855844897461,2.2917954560545
-0.637275227032605,1.94755248472984
-1.21177597848817,1.36851634921387
-3.20805280513284,0.130856996731741
-0.734338605478485,1.4609711376432
-0.649727465738053,2.67584698846122
3.09738755466143,1.73836406955716
2.39715721932624,-0.281647830878603
-4.81621513062919,1.5574315767921
-1.64939977724494,0.271665264797321
-3.54733785475983,2.18326955156378
-0.381279071316164,2.4631083211699
-3.16285410002351,3.04671963588535
-3.38127188480347,0.580255825440024
0.168159088372812,1.78016305021036
-2.61315626025536,4.03783057642429
-1.77275671743345,1.68832157705882
-1.89585661785121,2.13788942556182
2.22406921363113,1.35062875541925
-2.50900135013299,1.46608358771675
-0.32841235534943,1.16836699365184
-0.141119833775422,3.33101844510115
0.374376794515272,2.24050854328261
-0.349452672474508,2.53463898895045
0.527090147401131,1.75722752553537
-1.64712761711618,3.16888607681169
-0.258945133796378,2.60327066101186
1.27559334588975,4.25891646276722
2.25794705878035,3.29653647089547
1.58854653443655,3.95185554421158
-1.92278150728001,0.965589585146555
0.556779954080062,1.51380851212972
-1.80221324559367,2.27272640132373
-2.5817904254378,2.78036893396055
-2.4020192075257,1.57323714810133
-1.526759995785,3.89490613412238
2.97265201961111,0.788828767663461
-0.717061531946481,2.60630752797475
-4.07266272311333,1.04751548503396
3.64589029625042,3.60131272568718
1.93202335363027,2.82428874341965
3.17319476578065,1.76770716076231
-0.041801336199065,2.2558996218986
3.11340951790081,4.85084638905735
0.861401925965995,0.625894999064025
2.67314487997928,1.48820781526186
0.0477220328969379,0.454484973051016
-2.56698288272248,1.97562983842922
-0.877322979397831,3.17056270274126
-0.0323611741038303,0.918559904917164
-1.60889295476827,3.94182990597959
0.842377713714333,3.76887623144613
-2.83147088160611,3.08447737460626
3.36054920436093,4.75726491926775
-0.553632000214595,1.7232811974953
2.03312627365724,3.62814951064137
1.59687384979179,2.14943129742589
0.429948470014591,2.41320773749415
-0.207338882018651,2.57958259299758
2.16612741596621,3.20480883935245
0.947589170193825,3.31369393731966
1.87543825279017,2.47945921395098
2.74403480772773,-0.47418977741736
1.55425373090296,1.0087176636451
2.79144694901913,3.08985001103063
0.272399104764062,3.31604939167707
2.6339195269078,2.30626188083031
0.144383950859134,-0.903456074248161
0.359539786472535,1.06236935705056
0.322913196083745,2.82698597551468
-0.733682381847146,3.6219889132744
0.357202726339489,3.22854840507759
-0.555951742721943,3.17004705275455
0.648091360705945,2.03166105564081
-1.50215519210318,1.83705821051936
-1.3461908182694,2.95682123108402
1.80883975870582,3.42110096702786
-1.14429534343642,4.28959804318134
1.38364562803276,-0.422669217053076
0.112520687590761,1.16321931561927
-0.752197155371479,-0.476330052072387
1.98856090342077,1.42118850366276
-1.19546625805585,2.55169641512588
-0.441862071279755,3.70421808524282
-0.317278806533547,1.30520728474934
1.28562326862794,-0.795045406472117
4.28447246303952,2.36969585455339
2.99384235555322,2.86240662812783
-1.32835618160167,2.91101589513362
0.347767514178943,1.68369455028617
0.651025443675274,4.35601782205133
1.44953141576428,0.103186820500294
-1.18258678951202,0.0503300641409188
0.961162744143912,1.16551589759593
-1.9055355045701,1.93207893908765
-0.93244798565586,1.94015008646487
-1.09998765064013,2.31647780234806
-1.93355378620662,1.63627014757704
-0.109747150173249,0.165698630177097
1.3231187346835,1.20344677632531
0.149378765952413,0.264841229049352
-3.48433764353257,4.30561036977275
1.78636262020193,0.531859879514773
2.31193271510382,4.02026492297198
-0.769456712386734,3.59043343251854
1.76373323066968,2.03368104628525
0.318567078268523,2.1018914975661
0.816841118247446,5.16636698566123
-2.4898735464383,2.06867686166692
-1.75926276593159,1.92638811566829
-1.32984783596051,2.5746600714707
-3.32573438666768,2.27057072799819
-1.1551515783393,4.64229790178343
-0.742048612657147,0.873929939345161
-0.0762120916764574,1.94879461231425
2.95640996156687,1.45059056464252
0.463257395886318,3.79786629391797
-1.21906261626032,0.0828681466493686
0.696456480891719,1.81969515286347
1.85758708606161,4.3931847249526
-1.74518885766785,3.88960127600543
1.72614374298937,1.41999729321664
-1.93530726665902,2.12905290110642
-0.201250617775175,-0.117504759199296
-0.351533958452295,3.03591317263226
-4.39422139186755,3.22069525161771
-3.04799836845564,0.833595155420233
-1.41004038841779,2.00884717379564
-0.66073621120563,1.29069629688843
3.87027917626433,0.404818120162677
-0.910784977945136,-0.630521820629291
-0.858075529638484,1.81933280819576
-0.743522411743073,0.0569841506633519
-0.409558924164134,2.20691028339444
-0.266125629585673,-0.447264878585533
1.24027891915277,1.49161358799626
0.800240460225061,0.395758504600693
0.85096059252749,3.18489164382052
0.0334636483103025,3.19850662007803
-1.28893716848981,1.61746496485968
-0.129615924747679,3.81624913242244
-1.02434675904771,0.574032048447056
0.596733191848482,2.42767381418192
-1.41136609751083,3.46987623053458
-1.95101600453735,0.458578984842826
3.24574201410179,0.28663964843065
-3.41798439418634,0.293242629107929
0.40380832587642,1.7218389678891
-2.52509666087903,0.78238127481851
-0.691581948439658,2.6575505499585
0.89787951176922,2.80697086046006
-1.87458815833918,2.12312820733765
2.51199377884626,2.70894917137498
0.226949670141041,3.55532952302935
0.877519276511928,0.852087080124404
1.31484118254426,1.07704798478412
-1.06764003914085,2.44067413396578
1.53408048417718,0.81871940415727
-2.04258968058948,3.28888960705142
0.287590387045323,1.80460695431685
-3.28280607719004,3.475981822236
1.8968675487245,2.8907086161018
-0.196635819446686,1.46432640876998
-2.21466912584284,1.16697150438677
0.920308235241501,1.44357958388937
2.29418508078143,1.26376841465482
-0.116669246410784,2.25001216612073
0.671628720797377,2.15100643664119
-3.6956153795293,0.0435910489763633
-1.14812616648796,3.21803830929091
2.60837301881927,2.36181065888746
1.7353085994044,1.79381481693577
-2.63502400210837,2.01284157220749
-0.162142315962693,4.22697382305916
2.01639416082444,0.720465338868342
-4.96501807831607,2.49801333759045
-0.949100739262413,3.22090991479529
-1.06498536804284,3.26080946395046
1.27055658262242,3.41761712852686
-4.88008905028486,1.92730122995793
-0.91504145653071,1.67033377107098
-0.924956796717329,0.0651004277323028
-2.60179620405861,6.13030769678392
3.28489282790973,3.14666139666579
-2.79343718866869,0.472233754204636
1.32386897273578,2.36006089861816
-2.82083597970126,3.68903597459225
-0.869124608028533,1.26409196231898
0.946109988531156,2.01925026690155
-0.364171264804823,2.88779190869195
-1.02498347020483,2.98387726412457
1.95889994533242,2.97953390774911
2.89208874413658,1.03274558490013
-0.783079236241582,2.13339359391943
-2.02236480721504,1.32824013142005
2.37692512364789,0.308540291654698
-1.6541283563422,1.97430325305749
0.300506272571315,2.61174671650592
0.495061434023818,0.648270971541756
-1.89083034494281,2.35911115917455
-0.381996214805717,0.322730486548721
2.95504007850447,3.92176859652961
-2.01354603627504,3.55820950324713
-2.19741999065584,3.23003447292567
0.317430130697564,0.522813963113874
1.61790103073855,2.48538803804749
-1.87869874401836,1.29714965857557
0.433756639496485,2.39964033511133
-0.806105322736079,2.5460017232851
1.35654369443029,1.20493338314631
-3.933496632733,2.60826325833722
-1.02465050149611,2.02471429009884
-2.44326439273984,2.955294356448
-1.75139550475832,2.66053354557289
0.377243808574152,3.25504155146466
-1.11936665562358,1.55766835184223
-0.192856169861033,0.935932715265548
3.21217504965108,2.91168306722218
1.34193577978512,2.27242724765706
-3.26957546881571,0.692869852017013
-2.13576297014057,3.63998542960936
-3.70009719444257,0.784605464093403
-0.478234971508142,2.30309675644995
0.257877627410503,3.60771072097718
-1.59727418710501,-0.0561384663405473
0.381643537363109,2.31716659856048
0.343035192970329,-1.11541565282383
0.395285455216634,2.71798838534419
-1.23328898704676,1.82557815862828
-1.64243484697064,2.2046288475315
2.55767482291723,1.50825587213701
1.4338681560997,3.59138287554454
0.0346178221301798,3.14476058329616
1.89492133214738,2.69563884971651
0.949760009299682,1.63487701597158
0.934674114850471,1.1921680807805
-0.572847079541663,2.12678215999954
3.15488990476456,3.0345496793235
0.576498343762023,2.02058978633211
0.885888663960608,2.68638973145624
0.158458224507198,4.2656555552261
-2.14715435306196,2.45490609010497
-1.22749111740634,1.90883714231842
2.737507807189,1.90246526226941
1.63802874317196,3.01163084920035
1.60695962942873,2.03080102377562
0.117209561026809,3.48900732980062
0.447257034002736,3.21715014531163
-2.98762114091322,1.04308654689005
-1.51853264570726,2.65452921202897
-3.20724140177204,1.36060524712055
-0.309490787964071,2.17019534782882
1.40765034798816,1.74639495294089
-0.804300562563996,1.85592422708242
0.0783171888967889,1.23471470275064
-1.11702311902049,0.138334029280056
0.604948017934297,3.26414391640833
-0.419089424967855,2.90413875422874
0.561319745283807,1.22139554477464
-2.16177101281448,0.102960095113019
0.50337685118183,2.21244305856168
-2.41715289290208,1.58226674506132
0.433187475539044,2.50657416606038
-0.886140433404697,3.39840534875331
0.66952976940303,2.34675449101797
1.63106283676958,2.85227484790767
0.0403210144417078,1.49580681766257
-0.645322585239855,2.1412492445679
0.701845920435677,3.69818948579422
-1.85651075703454,0.587620464770481
-1.80081258317566,1.53955509755958
-2.14978999757989,2.37154811507455
-0.548631834889754,3.72311362772492
2.34082081278213,1.91198824701102
-4.42680846191555,0.974551330855922
1.54770200512449,2.17514307964759
0.359868402639413,3.28803721915533
0.8536311657887,2.25993037431728
-1.14819225068729,2.36930404940085
1.39104215217233,3.52617208457373
-2.9666463560112,4.9500910648834
-0.909795870558271,0.450629032352422
3.07858725595383,2.47066159714886
2.70059805508636,0.82386210833213
1.22928003172003,3.94252352643384
-4.03303444469894,1.79709895716123
2.75704441655647,0.505861284355874
-3.71679684903283,1.3144797181916
1.41958749389825,1.35726483259123
-4.68607747930954,3.73597230724369
-0.227035773879664,1.96033813378402
1.91207512167394,1.2824641074606
0.0146342653983023,2.01994299177485
1.64821455656459,2.74619970400134
-4.26508000041161,0.332002281283249
1.86112486187763,1.57713236142692
2.68836885489576,1.88472193641272
-1.66349516241682,3.16754609649088
-1.04632614099551,3.01804162863607
-1.74592173152,4.97197407615948
1.74304295037299,1.83239768321761
2.91644685231057,1.90580565736716
4.86631616761579,2.98463740239587
-1.51322135523197,1.24457905687584
2.53155506442744,3.45560002913674
-2.4370886002193,0.948421767741266
-0.925198136865466,2.32550568994854
-0.380164623125671,3.91359885840537
-0.0768809772873952,3.52197431185916
2.64971003531389,0.152821698966618
2.21928741744217,1.2963922394275
-1.95338133632208,0.89904144019207
0.12394147298577,2.60618573218527
-1.2675634662975,1.36815898884178
-0.216018611173328,1.54530597788189
-1.51559223351656,0.731939046069356
-2.36938426026082,1.97148453510773
-1.33152388898093,1.65541636388669
-0.447585678916165,1.97048463388405
-2.20746344221127,2.05812331042366
0.88813537787638,0.470152196920768
-1.26299955582489,0.995172856371032
-1.79043073987337,1.11591869839124
-3.07604623636405,3.39350516381185
-2.07589376730974,3.44497562402928
-2.90620284599071,1.16136466477057
2.64669428693773,2.57225314632949
-1.48339709747476,-0.146052192406767
2.05551250331332,4.58518333091803
-0.157159663153551,0.874055348273341
-2.70612075494105,2.55941777168686
2.06823547043269,4.27876883880035
-0.82399849577768,2.8301702342151
1.5903433242813,2.11168135160147
-1.20433899709965,3.01354423713745
1.17302953535501,4.13433812669794
4.46481127158554,3.02836518403921
2.26572751110776,2.62195864545876
0.393283517649099,2.45148958773375
-0.115618183401742,1.09409623648938
4.1597016994986,4.23072121832914
-0.24394323280781,2.89787926520633
-0.947678851264851,-0.257556830075064
1.62447453438147,3.62204388223362
1.10159734807343,1.37121908633035
-0.0560252944243044,4.50279536847086
-1.16990638279467,1.75380713894614
1.29374943260637,2.51626109100507
-1.12307880183925,1.35500802445045
0.676832298096197,1.80057523253501
1.44139989411581,0.837976999828616
1.13694293370673,1.95898757147221
0.450432444532656,1.83770470343317
0.473561185012449,1.15359901927443
-2.04050235397373,2.88182327467871
-1.43215002011949,-0.458210052928259
-2.24175389301033,1.36344735664494
0.651419918609483,2.54088770472445
0.991726076629194,4.1998586095715
0.829449756179812,-0.16881352438972
1.71159418168572,1.37063077610376
0.819507348520118,2.65064544323126
-3.03014976406841,1.96872821881672
-0.554018524403737,2.47446574010232
-2.13218794466692,1.83829532272947
3.44859057467812,0.274986265985311
-1.85298918046618,3.48342915951301
-0.613162694198676,0.121151252501417
1.13184570174784,2.26403713744879
1.30032632451193,4.32471297385966
-3.81853850380921,1.84167129394544
1.00748148621418,2.99802117744873
0.658897050567901,3.26936017095744
-0.435258480381931,1.88170459942124
-1.60463954368924,2.83806137001312
-2.24737097372904,2.26982727305753
1.23748194415606,2.36062908017168
-0.783115842381526,0.459248231623137
1.4273936201652,3.98131131308782
0.494737077993068,1.2150698022505
1.98453177720447,1.58794283045766
-2.41411694400957,1.73922088050272
1.48953657460463,2.49394884319199
-1.18255919220234,1.41469194335467
-2.90314940061233,-0.0769451937739256
2.2963920815722,4.53607157816149
-2.10881309709221,-0.663732696439121
-0.74846321785119,1.45190787781374
-2.49295214491561,2.47192257303846
-0.84175413185334,3.08041524305715
-1.71845694835899,3.97542853218131
2.78511562671059,0.752902410459475
1.53461247664246,2.61881324231778
0.606789978438822,3.72179135775651
-1.71891479815536,0.213800167715304
-3.42527473807542,0.172602296411884
3.60889426253346,0.78963931207622
-2.13852437989108,-1.63531812131744
-2.32876068638357,0.546238539666914
-2.10186202726808,4.3934257712833
-0.0365994298552115,2.02809305214864
2.81551613257845,2.21681056076814
3.43614969197218,2.39697779960617
1.84570864096458,0.55948640133389
-0.451636282467909,3.91635148098468
1.31814607664464,-0.632131356377592
2.04428155307581,1.00977396839393
-0.517085346067186,2.38993161458871
-0.226435229021808,2.43892952621602
1.54620944478845,0.916024513434966
0.733674893945677,1.64980394327284
-4.89340269566346,1.13277026063324
-0.253633816306813,0.61064299105527
-0.319713505430412,1.55060964769519
1.38834198185399,2.41533063747467
-2.63728765620804,3.34142114980794
1.68597034714293,1.374383872113
-0.706583669836326,2.39409086931016
1.88635333685862,3.06191534876636
0.645478877096394,1.25727445787107
-0.802076282886989,3.27812222497152
1.22224322327502,3.17557542376965
-0.48823573491809,1.23468880911089
-0.0567567233796133,0.556786626398265
-1.2967874295991,2.50341631776425
1.86187879360989,1.6810247517473
-1.92287158589984,2.31602404680911
-0.735082059174804,1.34499484188097
0.737082785247115,4.53155359204308
-1.10343289779409,3.151432346067
-1.97607746571718,2.16166381248857
-0.647824517851662,2.27223605099931
-0.294924887687136,1.30564689237838
-3.38378386292948,2.02901499115776
2.3590770408296,0.303312184426644
1.39329357560485,2.0812421232586
-0.62196477426856,2.93747655630822
0.718151942010954,0.718050921508719
-2.28161441330603,2.99903377904057
0.388575878168968,1.01754911877648
2.83625873641157,2.08506960522639
-0.696816778446443,3.27717045639912
-0.929206555641882,1.15106683180216
1.24074839417502,4.86454306208938
2.60592106180788,0.576757680414029
-0.511718480058131,1.94821490290772
3.79182187094402,3.03573162796007
-2.34822394744335,0.897286852990307
-4.66417604418263,1.90897488597826
2.10073651669014,1.33860362351262
1.39750636247823,3.62671347021302
-2.16520164283483,2.57075502481661
2.89418622024528,2.9457686468332
-0.361583743189662,3.38651839160572
1.95780279649507,2.8324181038771
-2.01905128136976,0.30917038167303
-2.74280042884489,1.00384780412086
-3.00902890722806,2.72370221715809
0.486303088959798,1.86891492439696
1.56292895460086,4.11511308037771
-4.65061265744065,1.86229599631877
0.189653193428414,2.42052735026746
0.0169921570943569,0.975912248062186
-0.542941407856532,1.20827664309417
0.857851689059627,2.08591290917108
0.0825283079615845,5.42097560754917
-0.790406536689282,0.218192614461876
-0.954910958281068,-0.199100020241076
-0.361601205047192,2.25024674515958
3.53293244845038,3.26985296620201
-2.77680406538714,4.54853869636338
2.71470346074286,3.05955441457933
1.79501131607609,5.29449423653929
-2.12996235738982,0.70627509088507
1.18636000724891,1.56460150471473
-3.17203360678175,-0.637502093817389
2.14853623976276,1.02414054575151
-2.05224111235154,2.72648945537041
-2.93044609076001,3.87945932014723
0.627787050917147,1.59858508342374
-1.35440694357088,0.689244589148455
0.647936554033373,1.61071214229254
0.768360551247274,3.64785988368194
-2.49851968728669,0.276672418239376
1.15420236448848,3.44849383429874
2.26704367273525,0.0578920187726741
-0.260296364323058,3.35876727003787
-0.712502391041239,0.0760093316612931
0.289093225281964,4.36561058670858
-1.59663972777901,3.36896704399641
